HG00403,SH001,EAS,CHS,"Southern Han Chinese, China",male
HG00404,SH001,EAS,CHS,"Southern Han Chinese, China",female
HG00406,SH002,EAS,CHS,"Southern Han Chinese, China",male
HG00407,SH002,EAS,CHS,"Southern Han Chinese, China",female
HG00409,SH003,EAS,CHS,"Southern Han Chinese, China",male
HG00410,SH003,EAS,CHS,"Southern Han Chinese, China",female
HG00418,SH006,EAS,CHS,"Southern Han Chinese, China",male
HG00419,SH006,EAS,CHS,"Southern Han Chinese, China",female
HG00421,SH007,EAS,CHS,"Southern Han Chinese, China",male
HG00422,SH007,EAS,CHS,"Southern Han Chinese, China",female
HG00427,SH009,EAS,CHS,"Southern Han Chinese, China",male
HG00428,SH009,EAS,CHS,"Southern Han Chinese, China",female
HG00436,SH012,EAS,CHS,"Southern Han Chinese, China",male
HG00437,SH012,EAS,CHS,"Southern Han Chinese, China",female
HG00442,SH014,EAS,CHS,"Southern Han Chinese, China",male
HG00443,SH014,EAS,CHS,"Southern Han Chinese, China",female
HG00445,SH015,EAS,CHS,"Southern Han Chinese, China",male
HG00446,SH015,EAS,CHS,"Southern Han Chinese, China",female
HG00448,SH016,EAS,CHS,"Southern Han Chinese, China",male
HG00449,SH016,EAS,CHS,"Southern Han Chinese, China",female
HG00451,SH017,EAS,CHS,"Southern Han Chinese, China",male
HG00452,SH017,EAS,CHS,"Southern Han Chinese, China",female
HG00457,SH019,EAS,CHS,"Southern Han Chinese, China",male
HG00458,SH019,EAS,CHS,"Southern Han Chinese, China",female
HG00463,SH021,EAS,CHS,"Southern Han Chinese, China",male
HG00464,SH021,EAS,CHS,"Southern Han Chinese, China",female
HG00472,SH024,EAS,CHS,"Southern Han Chinese, China",male
HG00473,SH024,EAS,CHS,"Southern Han Chinese, China",female
HG00475,SH025,EAS,CHS,"Southern Han Chinese, China",male
HG00476,SH025,EAS,CHS,"Southern Han Chinese, China",female
HG00478,SH026,EAS,CHS,"Southern Han Chinese, China",male
HG00479,SH026,EAS,CHS,"Southern Han Chinese, China",female
HG00500,SH028,EAS,CHS,"Southern Han Chinese, China",male
HG00501,SH028,EAS,CHS,"Southern Han Chinese, China",female
HG00512,SH032,EAS,CHS,"Southern Han Chinese, China",male
HG00513,SH032,EAS,CHS,"Southern Han Chinese, China",female
HG00524,SH036,EAS,CHS,"Southern Han Chinese, China",male
HG00525,SH036,EAS,CHS,"Southern Han Chinese, China",female
HG00530,SH038,EAS,CHS,"Southern Han Chinese, China",male
HG00531,SH038,EAS,CHS,"Southern Han Chinese, China",female
HG00533,SH039,EAS,CHS,"Southern Han Chinese, China",male
HG00534,SH039,EAS,CHS,"Southern Han Chinese, China",female
HG00536,SH040,EAS,CHS,"Southern Han Chinese, China",male
HG00537,SH040,EAS,CHS,"Southern Han Chinese, China",female
HG00542,SH042,EAS,CHS,"Southern Han Chinese, China",male
HG00543,SH042,EAS,CHS,"Southern Han Chinese, China",female
HG00556,SH045,EAS,CHS,"Southern Han Chinese, China",male
HG00557,SH045,EAS,CHS,"Southern Han Chinese, China",female
HG00559,SH046,EAS,CHS,"Southern Han Chinese, China",male
HG00560,SH046,EAS,CHS,"Southern Han Chinese, China",female
HG00565,SH048,EAS,CHS,"Southern Han Chinese, China",male
HG00566,SH048,EAS,CHS,"Southern Han Chinese, China",female
HG00577,SH052,EAS,CHS,"Southern Han Chinese, China",male
HG00578,SH052,EAS,CHS,"Southern Han Chinese, China",female
HG00580,SH053,EAS,CHS,"Southern Han Chinese, China",male
HG00581,SH053,EAS,CHS,"Southern Han Chinese, China",female
HG00583,SH054,EAS,CHS,"Southern Han Chinese, China",male
HG00584,SH054,EAS,CHS,"Southern Han Chinese, China",female
HG00589,SH056,EAS,CHS,"Southern Han Chinese, China",male
HG00590,SH056,EAS,CHS,"Southern Han Chinese, China",female
HG00592,SH057,EAS,CHS,"Southern Han Chinese, China",male
HG00593,SH057,EAS,CHS,"Southern Han Chinese, China",female
HG00595,SH058,EAS,CHS,"Southern Han Chinese, China",male
HG00596,SH058,EAS,CHS,"Southern Han Chinese, China",female
HG00598,SH059,EAS,CHS,"Southern Han Chinese, China",male
HG00599,SH059,EAS,CHS,"Southern Han Chinese, China",female
HG00607,SH062,EAS,CHS,"Southern Han Chinese, China",male
HG00608,SH062,EAS,CHS,"Southern Han Chinese, China",female
HG00610,SH063,EAS,CHS,"Southern Han Chinese, China",male
HG00611,SH063,EAS,CHS,"Southern Han Chinese, China",female
HG00613,SH064,EAS,CHS,"Southern Han Chinese, China",male
HG00614,SH064,EAS,CHS,"Southern Han Chinese, China",female
HG00619,SH066,EAS,CHS,"Southern Han Chinese, China",male
HG00620,SH066,EAS,CHS,"Southern Han Chinese, China",female
HG00622,SH067,EAS,CHS,"Southern Han Chinese, China",male
HG00623,SH067,EAS,CHS,"Southern Han Chinese, China",female
HG00625,SH068,EAS,CHS,"Southern Han Chinese, China",male
HG00626,SH068,EAS,CHS,"Southern Han Chinese, China",female
HG00628,SH069,EAS,CHS,"Southern Han Chinese, China",male
HG00629,SH069,EAS,CHS,"Southern Han Chinese, China",female
HG00631,SH070,EAS,CHS,"Southern Han Chinese, China",male
HG00632,SH070,EAS,CHS,"Southern Han Chinese, China",female
HG00634,SH071,EAS,CHS,"Southern Han Chinese, China",male
HG00635,SH071,EAS,CHS,"Southern Han Chinese, China",female
HG00650,SH072,EAS,CHS,"Southern Han Chinese, China",male
HG00651,SH072,EAS,CHS,"Southern Han Chinese, China",female
HG00653,SH073,EAS,CHS,"Southern Han Chinese, China",male
HG00654,SH073,EAS,CHS,"Southern Han Chinese, China",female
HG00656,SH074,EAS,CHS,"Southern Han Chinese, China",male
HG00657,SH074,EAS,CHS,"Southern Han Chinese, China",female
HG00662,SH076,EAS,CHS,"Southern Han Chinese, China",male
HG00663,SH076,EAS,CHS,"Southern Han Chinese, China",female
HG00671,SH079,EAS,CHS,"Southern Han Chinese, China",male
HG00672,SH079,EAS,CHS,"Southern Han Chinese, China",female
HG00674,SH080,EAS,CHS,"Southern Han Chinese, China",male
HG00675,SH080,EAS,CHS,"Southern Han Chinese, China",female
HG00683,SH083,EAS,CHS,"Southern Han Chinese, China",male
HG00684,SH083,EAS,CHS,"Southern Han Chinese, China",female
HG00689,SH085,EAS,CHS,"Southern Han Chinese, China",male
HG00690,SH085,EAS,CHS,"Southern Han Chinese, China",female
HG00692,SH086,EAS,CHS,"Southern Han Chinese, China",male
HG00693,SH086,EAS,CHS,"Southern Han Chinese, China",female
HG00698,SH088,EAS,CHS,"Southern Han Chinese, China",male
HG00699,SH088,EAS,CHS,"Southern Han Chinese, China",female
HG00701,SH089,EAS,CHS,"Southern Han Chinese, China",male
HG00702,SH089,EAS,CHS,"Southern Han Chinese, China",female
HG00704,SH090,EAS,CHS,"Southern Han Chinese, China",male
HG00705,SH090,EAS,CHS,"Southern Han Chinese, China",female
HG00707,SH091,EAS,CHS,"Southern Han Chinese, China",male
HG00708,SH091,EAS,CHS,"Southern Han Chinese, China",female
HG00716,SH094,EAS,CHS,"Southern Han Chinese, China",male
HG00717,SH094,EAS,CHS,"Southern Han Chinese, China",female
HG00728,SH098,EAS,CHS,"Southern Han Chinese, China",male
HG00729,SH098,EAS,CHS,"Southern Han Chinese, China",female
HG00759,HG00759,EAS,CDX,"Chinese Dai in Xishuangbanna, China",female
HG00766,HG00766,EAS,CDX,"Chinese Dai in Xishuangbanna, China",female
HG00844,HG00844,EAS,CDX,"Chinese Dai in Xishuangbanna, China",male
HG00851,HG00851,EAS,CDX,"Chinese Dai in Xishuangbanna, China",female
HG00864,HG00864,EAS,CDX,"Chinese Dai in Xishuangbanna, China",female
HG00866,CDX1,EAS,CDX,"Chinese Dai in Xishuangbanna, China",male
HG00867,CDX1,EAS,CDX,"Chinese Dai in Xishuangbanna, China",female
HG00879,HG00879,EAS,CDX,"Chinese Dai in Xishuangbanna, China",female
HG00881,HG00881,EAS,CDX,"Chinese Dai in Xishuangbanna, China",male
HG00956,HG00956,EAS,CDX,"Chinese Dai in Xishuangbanna, China",female
HG00978,HG00978,EAS,CDX,"Chinese Dai in Xishuangbanna, China",female
HG00982,HG00982,EAS,CDX,"Chinese Dai in Xishuangbanna, China",male
HG00983,HG00983,EAS,CDX,"Chinese Dai in Xishuangbanna, China",male
HG01028,HG01028,EAS,CDX,"Chinese Dai in Xishuangbanna, China",male
HG01029,HG01029,EAS,CDX,"Chinese Dai in Xishuangbanna, China",female
HG01031,HG01031,EAS,CDX,"Chinese Dai in Xishuangbanna, China",male
HG01046,HG01046,EAS,CDX,"Chinese Dai in Xishuangbanna, China",female
HG01595,VN001,EAS,KHV,"Kinh in Ho Chi Minh City, Vietnam",female
HG01596,VN002,EAS,KHV,"Kinh in Ho Chi Minh City, Vietnam",male
HG01597,VN003,EAS,KHV,"Kinh in Ho Chi Minh City, Vietnam",female
HG01598,VN004,EAS,KHV,"Kinh in Ho Chi Minh City, Vietnam",female
HG01599,VN005,EAS,KHV,"Kinh in Ho Chi Minh City, Vietnam",female
HG01600,VN006,EAS,KHV,"Kinh in Ho Chi Minh City, Vietnam",female
HG01794,HG01794,EAS,CDX,"Chinese Dai in Xishuangbanna, China",female
HG01795,HG01795,EAS,CDX,"Chinese Dai in Xishuangbanna, China",female
HG01796,HG01796,EAS,CDX,"Chinese Dai in Xishuangbanna, China",female
HG01797,HG01797,EAS,CDX,"Chinese Dai in Xishuangbanna, China",female
HG01798,HG01798,EAS,CDX,"Chinese Dai in Xishuangbanna, China",female
HG01799,HG01799,EAS,CDX,"Chinese Dai in Xishuangbanna, China",female
HG01800,HG01800,EAS,CDX,"Chinese Dai in Xishuangbanna, China",female
HG01801,HG01801,EAS,CDX,"Chinese Dai in Xishuangbanna, China",female
HG01802,HG01802,EAS,CDX,"Chinese Dai in Xishuangbanna, China",female
HG01804,HG01804,EAS,CDX,"Chinese Dai in Xishuangbanna, China",female
HG01805,HG01805,EAS,CDX,"Chinese Dai in Xishuangbanna, China",female
HG01806,HG01806,EAS,CDX,"Chinese Dai in Xishuangbanna, China",female
HG01807,HG01807,EAS,CDX,"Chinese Dai in Xishuangbanna, China",female
HG01808,HG01808,EAS,CDX,"Chinese Dai in Xishuangbanna, China",female
HG01809,HG01809,EAS,CDX,"Chinese Dai in Xishuangbanna, China",female
HG01810,HG01810,EAS,CDX,"Chinese Dai in Xishuangbanna, China",male
HG01811,HG01811,EAS,CDX,"Chinese Dai in Xishuangbanna, China",male
HG01812,HG01812,EAS,CDX,"Chinese Dai in Xishuangbanna, China",female
HG01813,HG01813,EAS,CDX,"Chinese Dai in Xishuangbanna, China",female
HG01815,HG01815,EAS,CDX,"Chinese Dai in Xishuangbanna, China",female
HG01816,HG01816,EAS,CDX,"Chinese Dai in Xishuangbanna, China",male
HG01817,HG01817,EAS,CDX,"Chinese Dai in Xishuangbanna, China",female
HG01840,VN007,EAS,KHV,"Kinh in Ho Chi Minh City, Vietnam",male
HG01841,VN008,EAS,KHV,"Kinh in Ho Chi Minh City, Vietnam",female
HG01842,VN009,EAS,KHV,"Kinh in Ho Chi Minh City, Vietnam",male
HG01843,VN010,EAS,KHV,"Kinh in Ho Chi Minh City, Vietnam",female
HG01844,VN011,EAS,KHV,"Kinh in Ho Chi Minh City, Vietnam",male
HG01845,VN012,EAS,KHV,"Kinh in Ho Chi Minh City, Vietnam",female
HG01846,VN013,EAS,KHV,"Kinh in Ho Chi Minh City, Vietnam",male
HG01847,VN014,EAS,KHV,"Kinh in Ho Chi Minh City, Vietnam",female
HG01848,VN015,EAS,KHV,"Kinh in Ho Chi Minh City, Vietnam",female
HG01849,VN016,EAS,KHV,"Kinh in Ho Chi Minh City, Vietnam",male
HG01850,VN017,EAS,KHV,"Kinh in Ho Chi Minh City, Vietnam",female
HG01851,VN018,EAS,KHV,"Kinh in Ho Chi Minh City, Vietnam",female
HG01852,VN019,EAS,KHV,"Kinh in Ho Chi Minh City, Vietnam",male
HG01853,VN020,EAS,KHV,"Kinh in Ho Chi Minh City, Vietnam",female
HG01855,VN022,EAS,KHV,"Kinh in Ho Chi Minh City, Vietnam",female
HG01857,VN024,EAS,KHV,"Kinh in Ho Chi Minh City, Vietnam",female
HG01858,VN025,EAS,KHV,"Kinh in Ho Chi Minh City, Vietnam",female
HG01859,VN026,EAS,KHV,"Kinh in Ho Chi Minh City, Vietnam",female
HG01860,VN027,EAS,KHV,"Kinh in Ho Chi Minh City, Vietnam",male
HG01861,VN028,EAS,KHV,"Kinh in Ho Chi Minh City, Vietnam",male
HG01862,VN029,EAS,KHV,"Kinh in Ho Chi Minh City, Vietnam",female
HG01863,VN030,EAS,KHV,"Kinh in Ho Chi Minh City, Vietnam",female
HG01864,VN031,EAS,KHV,"Kinh in Ho Chi Minh City, Vietnam",male
HG01865,VN032,EAS,KHV,"Kinh in Ho Chi Minh City, Vietnam",male
HG01866,VN033,EAS,KHV,"Kinh in Ho Chi Minh City, Vietnam",male
HG01867,VN034,EAS,KHV,"Kinh in Ho Chi Minh City, Vietnam",male
HG01868,VN035,EAS,KHV,"Kinh in Ho Chi Minh City, Vietnam",female
HG01869,VN036,EAS,KHV,"Kinh in Ho Chi Minh City, Vietnam",female
HG01870,VN037,EAS,KHV,"Kinh in Ho Chi Minh City, Vietnam",female
HG01871,VN038,EAS,KHV,"Kinh in Ho Chi Minh City, Vietnam",female
HG01872,VN039,EAS,KHV,"Kinh in Ho Chi Minh City, Vietnam",male
HG01873,VN040,EAS,KHV,"Kinh in Ho Chi Minh City, Vietnam",male
HG01874,VN041,EAS,KHV,"Kinh in Ho Chi Minh City, Vietnam",female
HG01878,VN045,EAS,KHV,"Kinh in Ho Chi Minh City, Vietnam",female
HG02016,VN046,EAS,KHV,"Kinh in Ho Chi Minh City, Vietnam",female
HG02017,VN046,EAS,KHV,"Kinh in Ho Chi Minh City, Vietnam",male
HG02019,VN047,EAS,KHV,"Kinh in Ho Chi Minh City, Vietnam",female
HG02020,VN047,EAS,KHV,"Kinh in Ho Chi Minh City, Vietnam",male
HG02023,VN048,EAS,KHV,"Kinh in Ho Chi Minh City, Vietnam",male
HG02024,VN049,EAS,KHV,"Kinh in Ho Chi Minh City, Vietnam",female
HG02025,VN049,EAS,KHV,"Kinh in Ho Chi Minh City, Vietnam",female
HG02026,VN049,EAS,KHV,"Kinh in Ho Chi Minh City, Vietnam",male
HG02028,VN050,EAS,KHV,"Kinh in Ho Chi Minh City, Vietnam",female
HG02029,VN050,EAS,KHV,"Kinh in Ho Chi Minh City, Vietnam",male
HG02031,VN051,EAS,KHV,"Kinh in Ho Chi Minh City, Vietnam",female
HG02032,VN051,EAS,KHV,"Kinh in Ho Chi Minh City, Vietnam",male
HG02035,VN052,EAS,KHV,"Kinh in Ho Chi Minh City, Vietnam",male
HG02040,VN054,EAS,KHV,"Kinh in Ho Chi Minh City, Vietnam",male
HG02046,VN056,EAS,KHV,"Kinh in Ho Chi Minh City, Vietnam",female
HG02047,VN056,EAS,KHV,"Kinh in Ho Chi Minh City, Vietnam",male
HG02048,VN057,EAS,KHV,"Kinh in Ho Chi Minh City, Vietnam",female
HG02049,VN058,EAS,KHV,"Kinh in Ho Chi Minh City, Vietnam",female
HG02050,VN059,EAS,KHV,"Kinh in Ho Chi Minh City, Vietnam",male
HG02057,VN060,EAS,KHV,"Kinh in Ho Chi Minh City, Vietnam",female
HG02058,VN060,EAS,KHV,"Kinh in Ho Chi Minh City, Vietnam",male
HG02060,VN061,EAS,KHV,"Kinh in Ho Chi Minh City, Vietnam",female
HG02061,VN061,EAS,KHV,"Kinh in Ho Chi Minh City, Vietnam",male
HG02064,VN062,EAS,KHV,"Kinh in Ho Chi Minh City, Vietnam",male
HG02067,VN063,EAS,KHV,"Kinh in Ho Chi Minh City, Vietnam",male
HG02069,VN064,EAS,KHV,"Kinh in Ho Chi Minh City, Vietnam",female
HG02070,VN064,EAS,KHV,"Kinh in Ho Chi Minh City, Vietnam",male
HG02072,VN065,EAS,KHV,"Kinh in Ho Chi Minh City, Vietnam",female
HG02073,VN065,EAS,KHV,"Kinh in Ho Chi Minh City, Vietnam",male
HG02075,VN066,EAS,KHV,"Kinh in Ho Chi Minh City, Vietnam",female
HG02076,VN066,EAS,KHV,"Kinh in Ho Chi Minh City, Vietnam",male
HG02078,VN067,EAS,KHV,"Kinh in Ho Chi Minh City, Vietnam",female
HG02079,VN067,EAS,KHV,"Kinh in Ho Chi Minh City, Vietnam",male
HG02081,VN068,EAS,KHV,"Kinh in Ho Chi Minh City, Vietnam",female
HG02082,VN068,EAS,KHV,"Kinh in Ho Chi Minh City, Vietnam",male
HG02084,VN069,EAS,KHV,"Kinh in Ho Chi Minh City, Vietnam",female
HG02085,VN069,EAS,KHV,"Kinh in Ho Chi Minh City, Vietnam",male
HG02086,VN070,EAS,KHV,"Kinh in Ho Chi Minh City, Vietnam",female
HG02087,VN071,EAS,KHV,"Kinh in Ho Chi Minh City, Vietnam",female
HG02088,VN072,EAS,KHV,"Kinh in Ho Chi Minh City, Vietnam",male
HG02113,VN073,EAS,KHV,"Kinh in Ho Chi Minh City, Vietnam",female
HG02116,VN074,EAS,KHV,"Kinh in Ho Chi Minh City, Vietnam",male
HG02121,VN076,EAS,KHV,"Kinh in Ho Chi Minh City, Vietnam",female
HG02122,VN076,EAS,KHV,"Kinh in Ho Chi Minh City, Vietnam",male
HG02127,VN078,EAS,KHV,"Kinh in Ho Chi Minh City, Vietnam",female
HG02128,VN078,EAS,KHV,"Kinh in Ho Chi Minh City, Vietnam",male
HG02130,VN079,EAS,KHV,"Kinh in Ho Chi Minh City, Vietnam",female
HG02131,VN079,EAS,KHV,"Kinh in Ho Chi Minh City, Vietnam",male
HG02133,VN080,EAS,KHV,"Kinh in Ho Chi Minh City, Vietnam",female
HG02134,VN080,EAS,KHV,"Kinh in Ho Chi Minh City, Vietnam",male
HG02136,VN081,EAS,KHV,"Kinh in Ho Chi Minh City, Vietnam",female
HG02137,VN081,EAS,KHV,"Kinh in Ho Chi Minh City, Vietnam",male
HG02138,VN082,EAS,KHV,"Kinh in Ho Chi Minh City, Vietnam",male
HG02139,VN083,EAS,KHV,"Kinh in Ho Chi Minh City, Vietnam",female
HG02140,VN084,EAS,KHV,"Kinh in Ho Chi Minh City, Vietnam",female
HG02141,VN085,EAS,KHV,"Kinh in Ho Chi Minh City, Vietnam",male
HG02142,VN086,EAS,KHV,"Kinh in Ho Chi Minh City, Vietnam",female
HG02151,HG02151,EAS,CDX,"Chinese Dai in Xishuangbanna, China",female
HG02152,HG02152,EAS,CDX,"Chinese Dai in Xishuangbanna, China",female
HG02153,HG02153,EAS,CDX,"Chinese Dai in Xishuangbanna, China",female
HG02154,HG02154,EAS,CDX,"Chinese Dai in Xishuangbanna, China",female
HG02155,HG02155,EAS,CDX,"Chinese Dai in Xishuangbanna, China",female
HG02156,HG02156,EAS,CDX,"Chinese Dai in Xishuangbanna, China",female
HG02164,HG02164,EAS,CDX,"Chinese Dai in Xishuangbanna, China",female
HG02165,HG02165,EAS,CDX,"Chinese Dai in Xishuangbanna, China",female
HG02166,HG02166,EAS,CDX,"Chinese Dai in Xishuangbanna, China",female
HG02178,HG02178,EAS,CDX,"Chinese Dai in Xishuangbanna, China",female
HG02179,HG02179,EAS,CDX,"Chinese Dai in Xishuangbanna, China",female
HG02180,HG02180,EAS,CDX,"Chinese Dai in Xishuangbanna, China",female
HG02181,HG02181,EAS,CDX,"Chinese Dai in Xishuangbanna, China",female
HG02182,HG02182,EAS,CDX,"Chinese Dai in Xishuangbanna, China",female
HG02184,HG02184,EAS,CDX,"Chinese Dai in Xishuangbanna, China",female
HG02185,HG02185,EAS,CDX,"Chinese Dai in Xishuangbanna, China",female
HG02186,HG02186,EAS,CDX,"Chinese Dai in Xishuangbanna, China",female
HG02187,HG02187,EAS,CDX,"Chinese Dai in Xishuangbanna, China",female
HG02188,HG02188,EAS,CDX,"Chinese Dai in Xishuangbanna, China",female
HG02189,HG02189,EAS,CDX,"Chinese Dai in Xishuangbanna, China",female
HG02190,HG02190,EAS,CDX,"Chinese Dai in Xishuangbanna, China",female
HG02250,HG02250,EAS,CDX,"Chinese Dai in Xishuangbanna, China",male
HG02351,HG02351,EAS,CDX,"Chinese Dai in Xishuangbanna, China",male
HG02353,HG02353,EAS,CDX,"Chinese Dai in Xishuangbanna, China",male
HG02355,HG02355,EAS,CDX,"Chinese Dai in Xishuangbanna, China",male
HG02356,HG02356,EAS,CDX,"Chinese Dai in Xishuangbanna, China",male
HG02360,HG02360,EAS,CDX,"Chinese Dai in Xishuangbanna, China",male
HG02363,HG02363,EAS,CDX,"Chinese Dai in Xishuangbanna, China",male
HG02364,HG02364,EAS,CDX,"Chinese Dai in Xishuangbanna, China",male
HG02367,HG02367,EAS,CDX,"Chinese Dai in Xishuangbanna, China",male
HG02371,CDX2,EAS,CDX,"Chinese Dai in Xishuangbanna, China",male
HG02372,CDX2,EAS,CDX,"Chinese Dai in Xishuangbanna, China",male
HG02373,HG02373,EAS,CDX,"Chinese Dai in Xishuangbanna, China",male
HG02374,HG02374,EAS,CDX,"Chinese Dai in Xishuangbanna, China",male
HG02375,HG02375,EAS,CDX,"Chinese Dai in Xishuangbanna, China",male
HG02377,HG02377,EAS,CDX,"Chinese Dai in Xishuangbanna, China",male
HG02379,HG02379,EAS,CDX,"Chinese Dai in Xishuangbanna, China",male
HG02380,HG02380,EAS,CDX,"Chinese Dai in Xishuangbanna, China",male
HG02381,HG02381,EAS,CDX,"Chinese Dai in Xishuangbanna, China",male
HG02382,HG02382,EAS,CDX,"Chinese Dai in Xishuangbanna, China",male
HG02383,HG02383,EAS,CDX,"Chinese Dai in Xishuangbanna, China",male
HG02384,HG02384,EAS,CDX,"Chinese Dai in Xishuangbanna, China",male
HG02385,HG02385,EAS,CDX,"Chinese Dai in Xishuangbanna, China",male
HG02386,HG02386,EAS,CDX,"Chinese Dai in Xishuangbanna, China",male
HG02387,HG02387,EAS,CDX,"Chinese Dai in Xishuangbanna, China",male
HG02388,HG02388,EAS,CDX,"Chinese Dai in Xishuangbanna, China",male
HG02389,HG02389,EAS,CDX,"Chinese Dai in Xishuangbanna, China",male
HG02390,HG02390,EAS,CDX,"Chinese Dai in Xishuangbanna, China",male
HG02391,HG02391,EAS,CDX,"Chinese Dai in Xishuangbanna, China",male
HG02392,HG02392,EAS,CDX,"Chinese Dai in Xishuangbanna, China",male
HG02394,HG02394,EAS,CDX,"Chinese Dai in Xishuangbanna, China",male
HG02395,HG02395,EAS,CDX,"Chinese Dai in Xishuangbanna, China",male
HG02396,HG02396,EAS,CDX,"Chinese Dai in Xishuangbanna, China",male
HG02397,HG02397,EAS,CDX,"Chinese Dai in Xishuangbanna, China",male
HG02398,HG02398,EAS,CDX,"Chinese Dai in Xishuangbanna, China",male
HG02399,HG02399,EAS,CDX,"Chinese Dai in Xishuangbanna, China",male
HG02401,HG02401,EAS,CDX,"Chinese Dai in Xishuangbanna, China",male
HG02402,HG02402,EAS,CDX,"Chinese Dai in Xishuangbanna, China",male
HG02406,HG02406,EAS,CDX,"Chinese Dai in Xishuangbanna, China",male
HG02407,HG02407,EAS,CDX,"Chinese Dai in Xishuangbanna, China",male
HG02408,HG02408,EAS,CDX,"Chinese Dai in Xishuangbanna, China",male
HG02409,HG02409,EAS,CDX,"Chinese Dai in Xishuangbanna, China",male
HG02410,HG02410,EAS,CDX,"Chinese Dai in Xishuangbanna, China",male
HG02512,VN087,EAS,KHV,"Kinh in Ho Chi Minh City, Vietnam",male
HG02513,VN087,EAS,KHV,"Kinh in Ho Chi Minh City, Vietnam",female
HG02521,VN090,EAS,KHV,"Kinh in Ho Chi Minh City, Vietnam",male
HG02522,VN090,EAS,KHV,"Kinh in Ho Chi Minh City, Vietnam",female
NA18525,NA18525,EAS,CHB,"Han Chinese in Bejing, China",female
NA18526,NA18526,EAS,CHB,"Han Chinese in Bejing, China",female
NA18527,NA18527,EAS,CHB,"Han Chinese in Bejing, China",female
NA18528,NA18528,EAS,CHB,"Han Chinese in Bejing, China",female
NA18530,NA18530,EAS,CHB,"Han Chinese in Bejing, China",male
NA18531,NA18531,EAS,CHB,"Han Chinese in Bejing, China",female
NA18532,NA18532,EAS,CHB,"Han Chinese in Bejing, China",female
NA18533,NA18533,EAS,CHB,"Han Chinese in Bejing, China",female
NA18534,NA18534,EAS,CHB,"Han Chinese in Bejing, China",male
NA18535,NA18535,EAS,CHB,"Han Chinese in Bejing, China",female
NA18536,NA18536,EAS,CHB,"Han Chinese in Bejing, China",male
NA18537,NA18537,EAS,CHB,"Han Chinese in Bejing, China",female
NA18538,NA18538,EAS,CHB,"Han Chinese in Bejing, China",female
NA18539,NA18539,EAS,CHB,"Han Chinese in Bejing, China",female
NA18541,NA18541,EAS,CHB,"Han Chinese in Bejing, China",female
NA18542,NA18542,EAS,CHB,"Han Chinese in Bejing, China",female
NA18543,NA18543,EAS,CHB,"Han Chinese in Bejing, China",male
NA18544,NA18544,EAS,CHB,"Han Chinese in Bejing, China",male
NA18545,NA18545,EAS,CHB,"Han Chinese in Bejing, China",female
NA18546,NA18546,EAS,CHB,"Han Chinese in Bejing, China",male
NA18547,NA18547,EAS,CHB,"Han Chinese in Bejing, China",female
NA18548,NA18548,EAS,CHB,"Han Chinese in Bejing, China",male
NA18549,NA18549,EAS,CHB,"Han Chinese in Bejing, China",male
NA18550,NA18550,EAS,CHB,"Han Chinese in Bejing, China",female
NA18552,NA18552,EAS,CHB,"Han Chinese in Bejing, China",female
NA18553,NA18553,EAS,CHB,"Han Chinese in Bejing, China",female
NA18555,NA18555,EAS,CHB,"Han Chinese in Bejing, China",female
NA18557,NA18557,EAS,CHB,"Han Chinese in Bejing, China",male
NA18558,NA18558,EAS,CHB,"Han Chinese in Bejing, China",male
NA18559,NA18559,EAS,CHB,"Han Chinese in Bejing, China",male
NA18560,NA18560,EAS,CHB,"Han Chinese in Bejing, China",female
NA18561,NA18561,EAS,CHB,"Han Chinese in Bejing, China",male
NA18562,NA18562,EAS,CHB,"Han Chinese in Bejing, China",male
NA18563,NA18563,EAS,CHB,"Han Chinese in Bejing, China",male
NA18564,NA18564,EAS,CHB,"Han Chinese in Bejing, China",female
NA18565,NA18565,EAS,CHB,"Han Chinese in Bejing, China",female
NA18566,NA18566,EAS,CHB,"Han Chinese in Bejing, China",female
NA18567,NA18567,EAS,CHB,"Han Chinese in Bejing, China",female
NA18570,NA18570,EAS,CHB,"Han Chinese in Bejing, China",female
NA18571,NA18571,EAS,CHB,"Han Chinese in Bejing, China",female
NA18572,NA18572,EAS,CHB,"Han Chinese in Bejing, China",male
NA18573,NA18573,EAS,CHB,"Han Chinese in Bejing, China",female
NA18574,NA18574,EAS,CHB,"Han Chinese in Bejing, China",female
NA18576,NA18576,EAS,CHB,"Han Chinese in Bejing, China",female
NA18577,NA18577,EAS,CHB,"Han Chinese in Bejing, China",female
NA18579,NA18579,EAS,CHB,"Han Chinese in Bejing, China",female
NA18582,NA18582,EAS,CHB,"Han Chinese in Bejing, China",female
NA18591,NA18591,EAS,CHB,"Han Chinese in Bejing, China",female
NA18592,NA18592,EAS,CHB,"Han Chinese in Bejing, China",female
NA18593,NA18593,EAS,CHB,"Han Chinese in Bejing, China",female
NA18595,NA18595,EAS,CHB,"Han Chinese in Bejing, China",female
NA18596,NA18596,EAS,CHB,"Han Chinese in Bejing, China",female
NA18597,NA18597,EAS,CHB,"Han Chinese in Bejing, China",female
NA18599,NA18599,EAS,CHB,"Han Chinese in Bejing, China",female
NA18602,NA18602,EAS,CHB,"Han Chinese in Bejing, China",female
NA18603,NA18603,EAS,CHB,"Han Chinese in Bejing, China",male
NA18605,NA18605,EAS,CHB,"Han Chinese in Bejing, China",male
NA18606,NA18606,EAS,CHB,"Han Chinese in Bejing, China",male
NA18608,NA18608,EAS,CHB,"Han Chinese in Bejing, China",male
NA18609,NA18609,EAS,CHB,"Han Chinese in Bejing, China",male
NA18610,NA18610,EAS,CHB,"Han Chinese in Bejing, China",female
NA18611,NA18611,EAS,CHB,"Han Chinese in Bejing, China",male
NA18612,NA18612,EAS,CHB,"Han Chinese in Bejing, China",male
NA18613,NA18613,EAS,CHB,"Han Chinese in Bejing, China",male
NA18614,NA18614,EAS,CHB,"Han Chinese in Bejing, China",female
NA18615,NA18615,EAS,CHB,"Han Chinese in Bejing, China",female
NA18616,NA18616,EAS,CHB,"Han Chinese in Bejing, China",female
NA18617,NA18617,EAS,CHB,"Han Chinese in Bejing, China",female
NA18618,NA18618,EAS,CHB,"Han Chinese in Bejing, China",female
NA18619,NA18619,EAS,CHB,"Han Chinese in Bejing, China",female
NA18620,NA18620,EAS,CHB,"Han Chinese in Bejing, China",male
NA18621,NA18621,EAS,CHB,"Han Chinese in Bejing, China",male
NA18622,NA18622,EAS,CHB,"Han Chinese in Bejing, China",male
NA18623,NA18623,EAS,CHB,"Han Chinese in Bejing, China",male
NA18624,NA18624,EAS,CHB,"Han Chinese in Bejing, China",male
NA18625,NA18625,EAS,CHB,"Han Chinese in Bejing, China",female
NA18626,NA18626,EAS,CHB,"Han Chinese in Bejing, China",female
NA18627,NA18627,EAS,CHB,"Han Chinese in Bejing, China",female
NA18628,NA18628,EAS,CHB,"Han Chinese in Bejing, China",female
NA18629,NA18629,EAS,CHB,"Han Chinese in Bejing, China",male
NA18630,NA18630,EAS,CHB,"Han Chinese in Bejing, China",female
NA18631,NA18631,EAS,CHB,"Han Chinese in Bejing, China",female
NA18632,NA18632,EAS,CHB,"Han Chinese in Bejing, China",male
NA18633,NA18633,EAS,CHB,"Han Chinese in Bejing, China",male
NA18634,NA18634,EAS,CHB,"Han Chinese in Bejing, China",female
NA18635,NA18635,EAS,CHB,"Han Chinese in Bejing, China",male
NA18636,NA18636,EAS,CHB,"Han Chinese in Bejing, China",male
NA18637,NA18637,EAS,CHB,"Han Chinese in Bejing, China",male
NA18638,NA18638,EAS,CHB,"Han Chinese in Bejing, China",male
NA18639,NA18639,EAS,CHB,"Han Chinese in Bejing, China",male
NA18640,NA18640,EAS,CHB,"Han Chinese in Bejing, China",female
NA18641,NA18641,EAS,CHB,"Han Chinese in Bejing, China",female
NA18642,NA18642,EAS,CHB,"Han Chinese in Bejing, China",female
NA18643,NA18643,EAS,CHB,"Han Chinese in Bejing, China",male
NA18644,NA18644,EAS,CHB,"Han Chinese in Bejing, China",female
NA18645,NA18645,EAS,CHB,"Han Chinese in Bejing, China",male
NA18646,NA18646,EAS,CHB,"Han Chinese in Bejing, China",female
NA18647,NA18647,EAS,CHB,"Han Chinese in Bejing, China",male
NA18648,NA18648,EAS,CHB,"Han Chinese in Bejing, China",male
NA18740,NA18740,EAS,CHB,"Han Chinese in Bejing, China",male
NA18745,NA18745,EAS,CHB,"Han Chinese in Bejing, China",male
NA18747,NA18747,EAS,CHB,"Han Chinese in Bejing, China",male
NA18748,NA18748,EAS,CHB,"Han Chinese in Bejing, China",male
NA18749,NA18749,EAS,CHB,"Han Chinese in Bejing, China",male
NA18757,NA18757,EAS,CHB,"Han Chinese in Bejing, China",male
NA18791,NA18791,EAS,CHB,"Han Chinese in Bejing, China",male
NA18939,NA18939,EAS,JPT,"Japanese in Tokyo, Japan",female
NA18940,NA18940,EAS,JPT,"Japanese in Tokyo, Japan",male
NA18941,NA18941,EAS,JPT,"Japanese in Tokyo, Japan",female
NA18942,NA18942,EAS,JPT,"Japanese in Tokyo, Japan",female
NA18943,NA18943,EAS,JPT,"Japanese in Tokyo, Japan",male
NA18944,NA18944,EAS,JPT,"Japanese in Tokyo, Japan",male
NA18945,NA18945,EAS,JPT,"Japanese in Tokyo, Japan",male
NA18946,NA18946,EAS,JPT,"Japanese in Tokyo, Japan",female
NA18947,NA18947,EAS,JPT,"Japanese in Tokyo, Japan",female
NA18948,NA18948,EAS,JPT,"Japanese in Tokyo, Japan",male
NA18949,NA18949,EAS,JPT,"Japanese in Tokyo, Japan",female
NA18950,NA18950,EAS,JPT,"Japanese in Tokyo, Japan",female
NA18951,NA18951,EAS,JPT,"Japanese in Tokyo, Japan",female
NA18952,NA18952,EAS,JPT,"Japanese in Tokyo, Japan",male
NA18953,NA18953,EAS,JPT,"Japanese in Tokyo, Japan",male
NA18954,NA18954,EAS,JPT,"Japanese in Tokyo, Japan",female
NA18955,NA18955,EAS,JPT,"Japanese in Tokyo, Japan",male
NA18956,NA18956,EAS,JPT,"Japanese in Tokyo, Japan",female
NA18957,NA18957,EAS,JPT,"Japanese in Tokyo, Japan",female
NA18959,NA18959,EAS,JPT,"Japanese in Tokyo, Japan",male
NA18960,NA18960,EAS,JPT,"Japanese in Tokyo, Japan",male
NA18961,NA18961,EAS,JPT,"Japanese in Tokyo, Japan",male
NA18962,NA18962,EAS,JPT,"Japanese in Tokyo, Japan",male
NA18963,NA18963,EAS,JPT,"Japanese in Tokyo, Japan",female
NA18964,NA18964,EAS,JPT,"Japanese in Tokyo, Japan",female
NA18965,NA18965,EAS,JPT,"Japanese in Tokyo, Japan",male
NA18966,NA18966,EAS,JPT,"Japanese in Tokyo, Japan",male
NA18967,NA18967,EAS,JPT,"Japanese in Tokyo, Japan",male
NA18968,NA18968,EAS,JPT,"Japanese in Tokyo, Japan",female
NA18969,NA18969,EAS,JPT,"Japanese in Tokyo, Japan",female
NA18970,NA18970,EAS,JPT,"Japanese in Tokyo, Japan",male
NA18971,NA18971,EAS,JPT,"Japanese in Tokyo, Japan",male
NA18972,NA18972,EAS,JPT,"Japanese in Tokyo, Japan",female
NA18973,NA18973,EAS,JPT,"Japanese in Tokyo, Japan",female
NA18974,NA18974,EAS,JPT,"Japanese in Tokyo, Japan",male
NA18975,NA18975,EAS,JPT,"Japanese in Tokyo, Japan",female
NA18976,NA18976,EAS,JPT,"Japanese in Tokyo, Japan",female
NA18977,NA18977,EAS,JPT,"Japanese in Tokyo, Japan",male
NA18978,NA18978,EAS,JPT,"Japanese in Tokyo, Japan",female
NA18979,NA18979,EAS,JPT,"Japanese in Tokyo, Japan",female
NA18980,NA18980,EAS,JPT,"Japanese in Tokyo, Japan",female
NA18981,NA18981,EAS,JPT,"Japanese in Tokyo, Japan",female
NA18982,NA18982,EAS,JPT,"Japanese in Tokyo, Japan",male
NA18983,NA18983,EAS,JPT,"Japanese in Tokyo, Japan",male
NA18984,NA18984,EAS,JPT,"Japanese in Tokyo, Japan",male
NA18985,NA18985,EAS,JPT,"Japanese in Tokyo, Japan",male
NA18986,NA18986,EAS,JPT,"Japanese in Tokyo, Japan",male
NA18987,NA18987,EAS,JPT,"Japanese in Tokyo, Japan",female
NA18988,NA18988,EAS,JPT,"Japanese in Tokyo, Japan",male
NA18989,NA18989,EAS,JPT,"Japanese in Tokyo, Japan",male
NA18990,NA18990,EAS,JPT,"Japanese in Tokyo, Japan",male
NA18991,NA18991,EAS,JPT,"Japanese in Tokyo, Japan",female
NA18992,NA18992,EAS,JPT,"Japanese in Tokyo, Japan",female
NA18993,NA18993,EAS,JPT,"Japanese in Tokyo, Japan",female
NA18994,NA18994,EAS,JPT,"Japanese in Tokyo, Japan",male
NA18995,NA18995,EAS,JPT,"Japanese in Tokyo, Japan",male
NA18997,NA18997,EAS,JPT,"Japanese in Tokyo, Japan",female
NA18998,NA18998,EAS,JPT,"Japanese in Tokyo, Japan",female
NA18999,NA18999,EAS,JPT,"Japanese in Tokyo, Japan",female
NA19000,NA19000,EAS,JPT,"Japanese in Tokyo, Japan",male
NA19001,NA19001,EAS,JPT,"Japanese in Tokyo, Japan",female
NA19002,NA19002,EAS,JPT,"Japanese in Tokyo, Japan",female
NA19003,NA19003,EAS,JPT,"Japanese in Tokyo, Japan",female
NA19004,NA19004,EAS,JPT,"Japanese in Tokyo, Japan",male
NA19005,NA19005,EAS,JPT,"Japanese in Tokyo, Japan",male
NA19006,NA19006,EAS,JPT,"Japanese in Tokyo, Japan",male
NA19007,NA19007,EAS,JPT,"Japanese in Tokyo, Japan",male
NA19009,NA19009,EAS,JPT,"Japanese in Tokyo, Japan",male
NA19010,NA19010,EAS,JPT,"Japanese in Tokyo, Japan",female
NA19011,NA19011,EAS,JPT,"Japanese in Tokyo, Japan",female
NA19012,NA19012,EAS,JPT,"Japanese in Tokyo, Japan",male
NA19054,NA19054,EAS,JPT,"Japanese in Tokyo, Japan",female
NA19055,NA19055,EAS,JPT,"Japanese in Tokyo, Japan",male
NA19056,NA19056,EAS,JPT,"Japanese in Tokyo, Japan",male
NA19057,NA19057,EAS,JPT,"Japanese in Tokyo, Japan",female
NA19058,NA19058,EAS,JPT,"Japanese in Tokyo, Japan",male
NA19059,NA19059,EAS,JPT,"Japanese in Tokyo, Japan",female
NA19060,NA19060,EAS,JPT,"Japanese in Tokyo, Japan",male
NA19062,NA19062,EAS,JPT,"Japanese in Tokyo, Japan",male
NA19063,NA19063,EAS,JPT,"Japanese in Tokyo, Japan",male
NA19064,NA19064,EAS,JPT,"Japanese in Tokyo, Japan",female
NA19065,NA19065,EAS,JPT,"Japanese in Tokyo, Japan",female
NA19066,NA19066,EAS,JPT,"Japanese in Tokyo, Japan",male
NA19067,NA19067,EAS,JPT,"Japanese in Tokyo, Japan",male
NA19068,NA19068,EAS,JPT,"Japanese in Tokyo, Japan",male
NA19070,NA19070,EAS,JPT,"Japanese in Tokyo, Japan",male
NA19072,NA19072,EAS,JPT,"Japanese in Tokyo, Japan",male
NA19074,NA19074,EAS,JPT,"Japanese in Tokyo, Japan",female
NA19075,NA19075,EAS,JPT,"Japanese in Tokyo, Japan",male
NA19076,NA19076,EAS,JPT,"Japanese in Tokyo, Japan",male
NA19077,NA19077,EAS,JPT,"Japanese in Tokyo, Japan",female
NA19078,NA19078,EAS,JPT,"Japanese in Tokyo, Japan",female
NA19079,NA19079,EAS,JPT,"Japanese in Tokyo, Japan",male
NA19080,NA19080,EAS,JPT,"Japanese in Tokyo, Japan",female
NA19081,NA19081,EAS,JPT,"Japanese in Tokyo, Japan",female
NA19082,NA19082,EAS,JPT,"Japanese in Tokyo, Japan",male
NA19083,NA19083,EAS,JPT,"Japanese in Tokyo, Japan",male
NA19084,NA19084,EAS,JPT,"Japanese in Tokyo, Japan",female
NA19085,NA19085,EAS,JPT,"Japanese in Tokyo, Japan",male
NA19086,NA19086,EAS,JPT,"Japanese in Tokyo, Japan",male
NA19087,NA19087,EAS,JPT,"Japanese in Tokyo, Japan",female
NA19088,NA19088,EAS,JPT,"Japanese in Tokyo, Japan",male
NA19089,NA19089,EAS,JPT,"Japanese in Tokyo, Japan",male
NA19090,NA19090,EAS,JPT,"Japanese in Tokyo, Japan",female
NA19091,NA19091,EAS,JPT,"Japanese in Tokyo, Japan",male
