HG01583,PK02,SAS,PJL,"Punjabi in Lahore,Pakistan",male
HG01586,PK03,SAS,PJL,"Punjabi in Lahore,Pakistan",male
HG01589,PK04,SAS,PJL,"Punjabi in Lahore,Pakistan",male
HG01593,PK05,SAS,PJL,"Punjabi in Lahore,Pakistan",female
HG02490,PK06,SAS,PJL,"Punjabi in Lahore,Pakistan",male
HG02491,PK06,SAS,PJL,"Punjabi in Lahore,Pakistan",female
HG02493,PK07,SAS,PJL,"Punjabi in Lahore,Pakistan",male
HG02494,PK07,SAS,PJL,"Punjabi in Lahore,Pakistan",female
HG02597,PK08,SAS,PJL,"Punjabi in Lahore,Pakistan",male
HG02600,PK09,SAS,PJL,"Punjabi in Lahore,Pakistan",male
HG02601,PK09,SAS,PJL,"Punjabi in Lahore,Pakistan",female
HG02603,PK10,SAS,PJL,"Punjabi in Lahore,Pakistan",male
HG02604,PK10,SAS,PJL,"Punjabi in Lahore,Pakistan",female
HG02648,PK11,SAS,PJL,"Punjabi in Lahore,Pakistan",male
HG02649,PK11,SAS,PJL,"Punjabi in Lahore,Pakistan",female
HG02651,PK12,SAS,PJL,"Punjabi in Lahore,Pakistan",male
HG02652,PK12,SAS,PJL,"Punjabi in Lahore,Pakistan",female
HG02654,PK13,SAS,PJL,"Punjabi in Lahore,Pakistan",male
HG02655,PK13,SAS,PJL,"Punjabi in Lahore,Pakistan",female
HG02657,PK14,SAS,PJL,"Punjabi in Lahore,Pakistan",male
HG02658,PK14,SAS,PJL,"Punjabi in Lahore,Pakistan",female
HG02660,PK15,SAS,PJL,"Punjabi in Lahore,Pakistan",male
HG02661,PK15,SAS,PJL,"Punjabi in Lahore,Pakistan",female
HG02681,PK16,SAS,PJL,"Punjabi in Lahore,Pakistan",male
HG02682,PK16,SAS,PJL,"Punjabi in Lahore,Pakistan",female
HG02684,PK17,SAS,PJL,"Punjabi in Lahore,Pakistan",male
HG02685,PK17,SAS,PJL,"Punjabi in Lahore,Pakistan",female
HG02687,PK18,SAS,PJL,"Punjabi in Lahore,Pakistan",male
HG02688,PK18,SAS,PJL,"Punjabi in Lahore,Pakistan",female
HG02690,PK19,SAS,PJL,"Punjabi in Lahore,Pakistan",male
HG02691,PK19,SAS,PJL,"Punjabi in Lahore,Pakistan",female
HG02694,PK20,SAS,PJL,"Punjabi in Lahore,Pakistan",female
HG02696,PK21,SAS,PJL,"Punjabi in Lahore,Pakistan",male
HG02697,PK21,SAS,PJL,"Punjabi in Lahore,Pakistan",female
HG02699,PK22,SAS,PJL,"Punjabi in Lahore,Pakistan",male
HG02700,PK22,SAS,PJL,"Punjabi in Lahore,Pakistan",female
HG02724,PK23,SAS,PJL,"Punjabi in Lahore,Pakistan",male
HG02725,PK23,SAS,PJL,"Punjabi in Lahore,Pakistan",female
HG02727,PK24,SAS,PJL,"Punjabi in Lahore,Pakistan",male
HG02728,PK24,SAS,PJL,"Punjabi in Lahore,Pakistan",female
HG02731,PK25,SAS,PJL,"Punjabi in Lahore,Pakistan",female
HG02733,PK26,SAS,PJL,"Punjabi in Lahore,Pakistan",male
HG02734,PK26,SAS,PJL,"Punjabi in Lahore,Pakistan",female
HG02736,PK27,SAS,PJL,"Punjabi in Lahore,Pakistan",male
HG02737,PK27,SAS,PJL,"Punjabi in Lahore,Pakistan",female
HG02774,PK28,SAS,PJL,"Punjabi in Lahore,Pakistan",male
HG02775,PK28,SAS,PJL,"Punjabi in Lahore,Pakistan",female
HG02778,PK29,SAS,PJL,"Punjabi in Lahore,Pakistan",female
HG02780,PK30,SAS,PJL,"Punjabi in Lahore,Pakistan",male
HG02783,PK31,SAS,PJL,"Punjabi in Lahore,Pakistan",male
HG02784,PK31,SAS,PJL,"Punjabi in Lahore,Pakistan",female
HG02786,PK32,SAS,PJL,"Punjabi in Lahore,Pakistan",male
HG02787,PK32,SAS,PJL,"Punjabi in Lahore,Pakistan",female
HG02789,PK33,SAS,PJL,"Punjabi in Lahore,Pakistan",male
HG02790,PK33,SAS,PJL,"Punjabi in Lahore,Pakistan",female
HG02792,PK34,SAS,PJL,"Punjabi in Lahore,Pakistan",male
HG02793,PK34,SAS,PJL,"Punjabi in Lahore,Pakistan",female
HG03006,BD01,SAS,BEB,"Bengali in Bangladesh",male
HG03007,BD01,SAS,BEB,"Bengali in Bangladesh",female
HG03009,HG03009,SAS,BEB,"Bengali in Bangladesh",male
HG03012,BD3,SAS,BEB,"Bengali in Bangladesh",male
HG03015,PK35,SAS,PJL,"Punjabi in Lahore,Pakistan",male
HG03016,PK35,SAS,PJL,"Punjabi in Lahore,Pakistan",female
HG03018,PK36,SAS,PJL,"Punjabi in Lahore,Pakistan",male
HG03019,PK36,SAS,PJL,"Punjabi in Lahore,Pakistan",female
HG03021,PK37,SAS,PJL,"Punjabi in Lahore,Pakistan",male
HG03022,HG03022,SAS,PJL,"Punjabi in Lahore,Pakistan",female
HG03228,PK38,SAS,PJL,"Punjabi in Lahore,Pakistan",male
HG03229,PK38,SAS,PJL,"Punjabi in Lahore,Pakistan",female
HG03234,PK40,SAS,PJL,"Punjabi in Lahore,Pakistan",male
HG03235,PK40,SAS,PJL,"Punjabi in Lahore,Pakistan",female
HG03237,PK41,SAS,PJL,"Punjabi in Lahore,Pakistan",male
HG03238,PK41,SAS,PJL,"Punjabi in Lahore,Pakistan",female
HG03488,PK42,SAS,PJL,"Punjabi in Lahore,Pakistan",female
HG03490,PK43,SAS,PJL,"Punjabi in Lahore,Pakistan",male
HG03491,PK43,SAS,PJL,"Punjabi in Lahore,Pakistan",female
HG03585,BD4,SAS,BEB,"Bengali in Bangladesh",male
HG03589,BD05,SAS,BEB,"Bengali in Bangladesh",female
HG03593,BD6,SAS,BEB,"Bengali in Bangladesh",male
HG03594,BD7,SAS,BEB,"Bengali in Bangladesh",male
HG03595,BD7,SAS,BEB,"Bengali in Bangladesh",female
HG03598,BD8,SAS,BEB,"Bengali in Bangladesh",female
HG03600,BD09,SAS,BEB,"Bengali in Bangladesh",male
HG03603,BD10,SAS,BEB,"Bengali in Bangladesh",male
HG03604,BD10,SAS,BEB,"Bengali in Bangladesh",female
HG03606,BD11,SAS,BEB,"Bengali in Bangladesh",male
HG03607,BD11,SAS,BEB,"Bengali in Bangladesh",female
HG03611,BD12,SAS,BEB,"Bengali in Bangladesh",female
HG03615,BD14,SAS,BEB,"Bengali in Bangladesh",male
HG03616,BD14,SAS,BEB,"Bengali in Bangladesh",female
HG03619,PK44,SAS,PJL,"Punjabi in Lahore,Pakistan",female
HG03624,PK46,SAS,PJL,"Punjabi in Lahore,Pakistan",male
HG03625,PK46,SAS,PJL,"Punjabi in Lahore,Pakistan",female
HG03629,PK47,SAS,PJL,"Punjabi in Lahore,Pakistan",male
HG03631,PK48,SAS,PJL,"Punjabi in Lahore,Pakistan",female
HG03633,PK49,SAS,PJL,"Punjabi in Lahore,Pakistan",male
HG03634,PK49,SAS,PJL,"Punjabi in Lahore,Pakistan",female
HG03636,PK50,SAS,PJL,"Punjabi in Lahore,Pakistan",male
HG03640,PK51,SAS,PJL,"Punjabi in Lahore,Pakistan",female
HG03642,ST006,SAS,STU,"Sri Lankan Tamil in the UK",female
HG03643,ST004,SAS,STU,"Sri Lankan Tamil in the UK",female
HG03644,ST004,SAS,STU,"Sri Lankan Tamil in the UK",male
HG03645,ST002,SAS,STU,"Sri Lankan Tamil in the UK",female
HG03646,ST001,SAS,STU,"Sri Lankan Tamil in the UK",male
HG03649,PK52,SAS,PJL,"Punjabi in Lahore,Pakistan",male
HG03652,PK53,SAS,PJL,"Punjabi in Lahore,Pakistan",male
HG03653,PK53,SAS,PJL,"Punjabi in Lahore,Pakistan",female
HG03660,PK55,SAS,PJL,"Punjabi in Lahore,Pakistan",male
HG03663,PK56,SAS,PJL,"Punjabi in Lahore,Pakistan",male
HG03667,PK58,SAS,PJL,"Punjabi in Lahore,Pakistan",male
HG03668,PK58,SAS,PJL,"Punjabi in Lahore,Pakistan",female
HG03672,ST008,SAS,STU,"Sri Lankan Tamil in the UK",male
HG03673,ST010,SAS,STU,"Sri Lankan Tamil in the UK",female
HG03679,ST006,SAS,STU,"Sri Lankan Tamil in the UK",male
HG03680,ST009,SAS,STU,"Sri Lankan Tamil in the UK",male
HG03681,ST011,SAS,STU,"Sri Lankan Tamil in the UK",male
HG03684,ST012,SAS,STU,"Sri Lankan Tamil in the UK",female
HG03685,ST013,SAS,STU,"Sri Lankan Tamil in the UK",male
HG03686,ST014,SAS,STU,"Sri Lankan Tamil in the UK",male
HG03687,ST015,SAS,STU,"Sri Lankan Tamil in the UK",male
HG03689,ST017,SAS,STU,"Sri Lankan Tamil in the UK",female
HG03690,ST018,SAS,STU,"Sri Lankan Tamil in the UK",female
HG03691,ST019,SAS,STU,"Sri Lankan Tamil in the UK",male
HG03692,ST020,SAS,STU,"Sri Lankan Tamil in the UK",female
HG03693,ST021,SAS,STU,"Sri Lankan Tamil in the UK",male
HG03694,ST022,SAS,STU,"Sri Lankan Tamil in the UK",male
HG03695,ST023,SAS,STU,"Sri Lankan Tamil in the UK",male
HG03696,ST024,SAS,STU,"Sri Lankan Tamil in the UK",male
HG03697,ST025,SAS,STU,"Sri Lankan Tamil in the UK",male
HG03698,ST026,SAS,STU,"Sri Lankan Tamil in the UK",female
HG03702,PK60,SAS,PJL,"Punjabi in Lahore,Pakistan",male
HG03703,PK60,SAS,PJL,"Punjabi in Lahore,Pakistan",female
HG03705,PK61,SAS,PJL,"Punjabi in Lahore,Pakistan",male
HG03706,PK61,SAS,PJL,"Punjabi in Lahore,Pakistan",female
HG03708,PK62,SAS,PJL,"Punjabi in Lahore,Pakistan",male
HG03709,PK62,SAS,PJL,"Punjabi in Lahore,Pakistan",female
HG03711,ST027,SAS,STU,"Sri Lankan Tamil in the UK",male
HG03713,IT001,SAS,ITU,"Indian Telugu in the UK",male
HG03714,IT009,SAS,ITU,"Indian Telugu in the UK",female
HG03715,IT001,SAS,ITU,"Indian Telugu in the UK",male
HG03716,IT009,SAS,ITU,"Indian Telugu in the UK",male
HG03717,IT010,SAS,ITU,"Indian Telugu in the UK",female
HG03718,IT010,SAS,ITU,"Indian Telugu in the UK",male
HG03720,IT052,SAS,ITU,"Indian Telugu in the UK",male
HG03722,IT002,SAS,ITU,"Indian Telugu in the UK",female
HG03727,IT003,SAS,ITU,"Indian Telugu in the UK",male
HG03729,IT013,SAS,ITU,"Indian Telugu in the UK",male
HG03730,IT011,SAS,ITU,"Indian Telugu in the UK",female
HG03731,IT013,SAS,ITU,"Indian Telugu in the UK",female
HG03733,ST041,SAS,STU,"Sri Lankan Tamil in the UK",female
HG03736,ST043,SAS,STU,"Sri Lankan Tamil in the UK",female
HG03738,ST044,SAS,STU,"Sri Lankan Tamil in the UK",male
HG03740,ST038,SAS,STU,"Sri Lankan Tamil in the UK",male
HG03741,ST038,SAS,STU,"Sri Lankan Tamil in the UK",female
HG03742,IT015,SAS,ITU,"Indian Telugu in the UK",male
HG03743,ST046,SAS,STU,"Sri Lankan Tamil in the UK",male
HG03744,ST047,SAS,STU,"Sri Lankan Tamil in the UK",male
HG03745,ST049,SAS,STU,"Sri Lankan Tamil in the UK",male
HG03746,ST050,SAS,STU,"Sri Lankan Tamil in the UK",male
HG03750,ST051,SAS,STU,"Sri Lankan Tamil in the UK",male
HG03752,ST053,SAS,STU,"Sri Lankan Tamil in the UK",female
HG03753,ST054,SAS,STU,"Sri Lankan Tamil in the UK",male
HG03754,ST051,SAS,STU,"Sri Lankan Tamil in the UK",female
HG03755,ST052,SAS,STU,"Sri Lankan Tamil in the UK",male
HG03756,ST052,SAS,STU,"Sri Lankan Tamil in the UK",female
HG03757,ST046,SAS,STU,"Sri Lankan Tamil in the UK",female
HG03760,ST058,SAS,STU,"Sri Lankan Tamil in the UK",female
HG03762,PK63,SAS,PJL,"Punjabi in Lahore,Pakistan",female
HG03765,PK64,SAS,PJL,"Punjabi in Lahore,Pakistan",female
HG03767,PK65,SAS,PJL,"Punjabi in Lahore,Pakistan",male
HG03770,IT016,SAS,ITU,"Indian Telugu in the UK",female
HG03771,IT016,SAS,ITU,"Indian Telugu in the UK",male
HG03772,IT004,SAS,ITU,"Indian Telugu in the UK",female
HG03773,IT004,SAS,ITU,"Indian Telugu in the UK",male
HG03774,IT020,SAS,ITU,"Indian Telugu in the UK",female
HG03775,IT020,SAS,ITU,"Indian Telugu in the UK",male
HG03777,IT022,SAS,ITU,"Indian Telugu in the UK",male
HG03778,IT21,SAS,ITU,"Indian Telugu in the UK",male
HG03779,IT019,SAS,ITU,"Indian Telugu in the UK",male
HG03780,IT039,SAS,ITU,"Indian Telugu in the UK",female
HG03781,IT018,SAS,ITU,"Indian Telugu in the UK",female
HG03782,IT029,SAS,ITU,"Indian Telugu in the UK",female
HG03784,IT023,SAS,ITU,"Indian Telugu in the UK",female
HG03785,IT024,SAS,ITU,"Indian Telugu in the UK",male
HG03786,IT023,SAS,ITU,"Indian Telugu in the UK",male
HG03787,IT027,SAS,ITU,"Indian Telugu in the UK",female
HG03788,IT028,SAS,ITU,"Indian Telugu in the UK",male
HG03789,IT028,SAS,ITU,"Indian Telugu in the UK",female
HG03790,IT025,SAS,ITU,"Indian Telugu in the UK",male
HG03792,IT026,SAS,ITU,"Indian Telugu in the UK",male
HG03793,BD15,SAS,BEB,"Bengali in Bangladesh",female
HG03796,BD16,SAS,BEB,"Bengali in Bangladesh",female
HG03800,BD17,SAS,BEB,"Bengali in Bangladesh",male
HG03802,BD18,SAS,BEB,"Bengali in Bangladesh",female
HG03803,BD18,SAS,BEB,"Bengali in Bangladesh",male
HG03805,BD19,SAS,BEB,"Bengali in Bangladesh",female
HG03808,BD20,SAS,BEB,"Bengali in Bangladesh",female
HG03809,BD20,SAS,BEB,"Bengali in Bangladesh",male
HG03812,HG03812,SAS,BEB,"Bengali in Bangladesh",male
HG03814,BD22,SAS,BEB,"Bengali in Bangladesh",female
HG03815,BD22,SAS,BEB,"Bengali in Bangladesh",male
HG03817,BD23,SAS,BEB,"Bengali in Bangladesh",female
HG03821,BD24,SAS,BEB,"Bengali in Bangladesh",male
HG03823,BD25,SAS,BEB,"Bengali in Bangladesh",female
HG03824,BD25,SAS,BEB,"Bengali in Bangladesh",male
HG03826,BD26,SAS,BEB,"Bengali in Bangladesh",female
HG03829,BD27,SAS,BEB,"Bengali in Bangladesh",female
HG03830,BD27,SAS,BEB,"Bengali in Bangladesh",male
HG03832,BD28,SAS,BEB,"Bengali in Bangladesh",female
HG03833,BD28,SAS,BEB,"Bengali in Bangladesh",male
HG03836,ST074,SAS,STU,"Sri Lankan Tamil in the UK",female
HG03837,ST079,SAS,STU,"Sri Lankan Tamil in the UK",male
HG03838,ST078,SAS,STU,"Sri Lankan Tamil in the UK",female
HG03844,ST075,SAS,STU,"Sri Lankan Tamil in the UK",male
HG03845,ST081,SAS,STU,"Sri Lankan Tamil in the UK",male
HG03846,ST080,SAS,STU,"Sri Lankan Tamil in the UK",male
HG03848,ST084,SAS,STU,"Sri Lankan Tamil in the UK",male
HG03849,ST082,SAS,STU,"Sri Lankan Tamil in the UK",female
HG03850,ST082,SAS,STU,"Sri Lankan Tamil in the UK",male
HG03851,ST089,SAS,STU,"Sri Lankan Tamil in the UK",male
HG03854,ST094,SAS,STU,"Sri Lankan Tamil in the UK",male
HG03856,ST092,SAS,STU,"Sri Lankan Tamil in the UK",male
HG03857,ST091,SAS,STU,"Sri Lankan Tamil in the UK",female
HG03858,ST090,SAS,STU,"Sri Lankan Tamil in the UK",female
HG03861,IT032,SAS,ITU,"Indian Telugu in the UK",female
HG03862,IT035,SAS,ITU,"Indian Telugu in the UK",female
HG03863,IT033,SAS,ITU,"Indian Telugu in the UK",female
HG03864,IT034,SAS,ITU,"Indian Telugu in the UK",male
HG03866,IT030,SAS,ITU,"Indian Telugu in the UK",male
HG03867,IT038,SAS,ITU,"Indian Telugu in the UK",male
HG03868,IT5,SAS,ITU,"Indian Telugu in the UK",female
HG03869,IT035,SAS,ITU,"Indian Telugu in the UK",male
HG03870,IT037,SAS,ITU,"Indian Telugu in the UK",male
HG03871,HG03871,SAS,ITU,"Indian Telugu in the UK",male
HG03872,IT036,SAS,ITU,"Indian Telugu in the UK",male
HG03873,IT030,SAS,ITU,"Indian Telugu in the UK",female
HG03874,IT006,SAS,ITU,"Indian Telugu in the UK",female
HG03875,IT40,SAS,ITU,"Indian Telugu in the UK",male
HG03882,IT039a,SAS,ITU,"Indian Telugu in the UK",female
HG03884,ST039,SAS,STU,"Sri Lankan Tamil in the UK",female
HG03885,ST016,SAS,STU,"Sri Lankan Tamil in the UK",male
HG03886,ST016,SAS,STU,"Sri Lankan Tamil in the UK",female
HG03887,ST106,SAS,STU,"Sri Lankan Tamil in the UK",male
HG03888,ST050,SAS,STU,"Sri Lankan Tamil in the UK",female
HG03890,ST110,SAS,STU,"Sri Lankan Tamil in the UK",male
HG03894,ST111,SAS,STU,"Sri Lankan Tamil in the UK",female
HG03895,ST107,SAS,STU,"Sri Lankan Tamil in the UK",female
HG03896,ST111,SAS,STU,"Sri Lankan Tamil in the UK",male
HG03897,ST115,SAS,STU,"Sri Lankan Tamil in the UK",female
HG03898,ST114,SAS,STU,"Sri Lankan Tamil in the UK",female
HG03899,ST114,SAS,STU,"Sri Lankan Tamil in the UK",male
HG03900,ST115,SAS,STU,"Sri Lankan Tamil in the UK",male
HG03902,HG03902,SAS,BEB,"Bengali in Bangladesh",male
HG03905,BD30,SAS,BEB,"Bengali in Bangladesh",male
HG03907,BD31,SAS,BEB,"Bengali in Bangladesh",female
HG03908,BD31,SAS,BEB,"Bengali in Bangladesh",male
HG03910,BD32,SAS,BEB,"Bengali in Bangladesh",female
HG03911,BD32,SAS,BEB,"Bengali in Bangladesh",male
HG03913,BD33,SAS,BEB,"Bengali in Bangladesh",female
HG03914,BD33,SAS,BEB,"Bengali in Bangladesh",male
HG03916,HG03916,SAS,BEB,"Bengali in Bangladesh",female
HG03917,BD34,SAS,BEB,"Bengali in Bangladesh",male
HG03919,BD35,SAS,BEB,"Bengali in Bangladesh",female
HG03920,BD35,SAS,BEB,"Bengali in Bangladesh",male
HG03922,BD36,SAS,BEB,"Bengali in Bangladesh",female
HG03925,BD37,SAS,BEB,"Bengali in Bangladesh",female
HG03926,BD37,SAS,BEB,"Bengali in Bangladesh",male
HG03928,BD38,SAS,BEB,"Bengali in Bangladesh",female
HG03931,BD39,SAS,BEB,"Bengali in Bangladesh",female
HG03934,BD40,SAS,BEB,"Bengali in Bangladesh",female
HG03937,BD41,SAS,BEB,"Bengali in Bangladesh",female
HG03940,BD42,SAS,BEB,"Bengali in Bangladesh",female
HG03941,BD42,SAS,BEB,"Bengali in Bangladesh",male
HG03943,ST116,SAS,STU,"Sri Lankan Tamil in the UK",male
HG03944,ST116,SAS,STU,"Sri Lankan Tamil in the UK",female
HG03945,ST117,SAS,STU,"Sri Lankan Tamil in the UK",female
HG03947,ST118,SAS,STU,"Sri Lankan Tamil in the UK",female
HG03948,ST010,SAS,STU,"Sri Lankan Tamil in the UK",female
HG03949,ST123,SAS,STU,"Sri Lankan Tamil in the UK",female
HG03950,ST090,SAS,STU,"Sri Lankan Tamil in the UK",male
HG03951,ST013,SAS,STU,"Sri Lankan Tamil in the UK",female
HG03953,ST122,SAS,STU,"Sri Lankan Tamil in the UK",male
HG03955,ST119,SAS,STU,"Sri Lankan Tamil in the UK",female
HG03960,IT044,SAS,ITU,"Indian Telugu in the UK",male
HG03963,IT042,SAS,ITU,"Indian Telugu in the UK",male
HG03965,IT45,SAS,ITU,"Indian Telugu in the UK",male
HG03967,IT51,SAS,ITU,"Indian Telugu in the UK",male
HG03968,IT046,SAS,ITU,"Indian Telugu in the UK",female
HG03969,IT046,SAS,ITU,"Indian Telugu in the UK",male
HG03971,IT048,SAS,ITU,"Indian Telugu in the UK",male
HG03973,IT050,SAS,ITU,"Indian Telugu in the UK",female
HG03974,IT049,SAS,ITU,"Indian Telugu in the UK",male
HG03976,IT050,SAS,ITU,"Indian Telugu in the UK",male
HG03977,IT047,SAS,ITU,"Indian Telugu in the UK",female
HG03978,IT047,SAS,ITU,"Indian Telugu in the UK",male
HG03985,ST144,SAS,STU,"Sri Lankan Tamil in the UK",male
HG03986,ST106,SAS,STU,"Sri Lankan Tamil in the UK",female
HG03989,ST145,SAS,STU,"Sri Lankan Tamil in the UK",female
HG03990,ST142,SAS,STU,"Sri Lankan Tamil in the UK",male
HG03991,ST143,SAS,STU,"Sri Lankan Tamil in the UK",male
HG03995,ST021,SAS,STU,"Sri Lankan Tamil in the UK",female
HG03998,ST147,SAS,STU,"Sri Lankan Tamil in the UK",male
HG03999,ST007,SAS,STU,"Sri Lankan Tamil in the UK",male
HG04001,IT053,SAS,ITU,"Indian Telugu in the UK",female
HG04002,IT053,SAS,ITU,"Indian Telugu in the UK",male
HG04003,ST152,SAS,STU,"Sri Lankan Tamil in the UK",male
HG04006,ST078,SAS,STU,"Sri Lankan Tamil in the UK",male
HG04014,IT059,SAS,ITU,"Indian Telugu in the UK",female
HG04015,IT060,SAS,ITU,"Indian Telugu in the UK",male
HG04017,IT061,SAS,ITU,"Indian Telugu in the UK",male
HG04018,IT007,SAS,ITU,"Indian Telugu in the UK",female
HG04019,IT056,SAS,ITU,"Indian Telugu in the UK",male
HG04020,IT059,SAS,ITU,"Indian Telugu in the UK",male
HG04022,IT062,SAS,ITU,"Indian Telugu in the UK",male
HG04023,IT058,SAS,ITU,"Indian Telugu in the UK",male
HG04025,IT058,SAS,ITU,"Indian Telugu in the UK",female
HG04026,IT061,SAS,ITU,"Indian Telugu in the UK",female
HG04029,ST154,SAS,STU,"Sri Lankan Tamil in the UK",female
HG04033,ST076,SAS,STU,"Sri Lankan Tamil in the UK",male
HG04035,ST094,SAS,STU,"Sri Lankan Tamil in the UK",female
HG04037,ST169,SAS,STU,"Sri Lankan Tamil in the UK",female
HG04038,ST170,SAS,STU,"Sri Lankan Tamil in the UK",female
HG04039,ST172,SAS,STU,"Sri Lankan Tamil in the UK",male
HG04042,ST171,SAS,STU,"Sri Lankan Tamil in the UK",female
HG04047,ST173,SAS,STU,"Sri Lankan Tamil in the UK",female
HG04054,IT180,SAS,ITU,"Indian Telugu in the UK",female
HG04056,IT180,SAS,ITU,"Indian Telugu in the UK",male
HG04059,IT184,SAS,ITU,"Indian Telugu in the UK",female
HG04060,IT183,SAS,ITU,"Indian Telugu in the UK",male
HG04061,IT182,SAS,ITU,"Indian Telugu in the UK",male
HG04062,IT182,SAS,ITU,"Indian Telugu in the UK",female
HG04063,IT183,SAS,ITU,"Indian Telugu in the UK",female
HG04070,IT45,SAS,ITU,"Indian Telugu in the UK",female
HG04075,ST190,SAS,STU,"Sri Lankan Tamil in the UK",female
HG04076,IT191,SAS,ITU,"Indian Telugu in the UK",female
HG04080,IT194,SAS,ITU,"Indian Telugu in the UK",male
HG04090,IT199,SAS,ITU,"Indian Telugu in the UK",female
HG04093,IT199,SAS,ITU,"Indian Telugu in the UK",male
HG04094,IT201,SAS,ITU,"Indian Telugu in the UK",male
HG04096,IT202,SAS,ITU,"Indian Telugu in the UK",male
HG04098,IT205,SAS,ITU,"Indian Telugu in the UK",male
HG04099,ST203,SAS,STU,"Sri Lankan Tamil in the UK",female
HG04100,ST203,SAS,STU,"Sri Lankan Tamil in the UK",male
HG04106,ST176,SAS,STU,"Sri Lankan Tamil in the UK",female
HG04107,ST176,SAS,STU,"Sri Lankan Tamil in the UK",male
HG04118,IT214,SAS,ITU,"Indian Telugu in the UK",female
HG04131,BD44,SAS,BEB,"Bengali in Bangladesh",male
HG04134,BD45,SAS,BEB,"Bengali in Bangladesh",male
HG04140,BD47,SAS,BEB,"Bengali in Bangladesh",male
HG04141,BD47,SAS,BEB,"Bengali in Bangladesh",female
HG04144,BD48,SAS,BEB,"Bengali in Bangladesh",female
HG04146,BD49,SAS,BEB,"Bengali in Bangladesh",male
HG04152,BD51,SAS,BEB,"Bengali in Bangladesh",male
HG04153,BD51,SAS,BEB,"Bengali in Bangladesh",female
HG04155,BD52,SAS,BEB,"Bengali in Bangladesh",male
HG04156,BD52,SAS,BEB,"Bengali in Bangladesh",female
HG04158,BD53,SAS,BEB,"Bengali in Bangladesh",male
HG04159,BD53,SAS,BEB,"Bengali in Bangladesh",female
HG04161,BD54,SAS,BEB,"Bengali in Bangladesh",male
HG04162,BD54,SAS,BEB,"Bengali in Bangladesh",female
HG04164,BD55,SAS,BEB,"Bengali in Bangladesh",male
HG04171,BD57,SAS,BEB,"Bengali in Bangladesh",female
HG04173,BD58,SAS,BEB,"Bengali in Bangladesh",male
HG04176,BD59,SAS,BEB,"Bengali in Bangladesh",male
HG04177,BD59,SAS,BEB,"Bengali in Bangladesh",female
HG04180,BD60,SAS,BEB,"Bengali in Bangladesh",female
HG04182,BD61,SAS,BEB,"Bengali in Bangladesh",male
HG04183,BD61,SAS,BEB,"Bengali in Bangladesh",female
HG04185,BD62,SAS,BEB,"Bengali in Bangladesh",male
HG04186,BD62,SAS,BEB,"Bengali in Bangladesh",female
HG04188,BD63,SAS,BEB,"Bengali in Bangladesh",male
HG04189,BD63,SAS,BEB,"Bengali in Bangladesh",female
HG04194,BD65,SAS,BEB,"Bengali in Bangladesh",male
HG04195,BD65,SAS,BEB,"Bengali in Bangladesh",female
HG04198,IT220,SAS,ITU,"Indian Telugu in the UK",male
HG04200,IT220,SAS,ITU,"Indian Telugu in the UK",female
HG04202,IT222,SAS,ITU,"Indian Telugu in the UK",female
HG04206,HG04206,SAS,ITU,"Indian Telugu in the UK",male
HG04209,IT217,SAS,ITU,"Indian Telugu in the UK",female
HG04210,ST186,SAS,STU,"Sri Lankan Tamil in the UK",male
HG04211,IT223,SAS,ITU,"Indian Telugu in the UK",male
HG04212,IT223,SAS,ITU,"Indian Telugu in the UK",female
HG04214,IT226,SAS,ITU,"Indian Telugu in the UK",female
HG04216,IT227,SAS,ITU,"Indian Telugu in the UK",female
HG04219,IT228,SAS,ITU,"Indian Telugu in the UK",male
HG04222,IT225,SAS,ITU,"Indian Telugu in the UK",male
HG04225,IT231,SAS,ITU,"Indian Telugu in the UK",male
HG04227,ST232,SAS,STU,"Sri Lankan Tamil in the UK",female
HG04229,ST232,SAS,STU,"Sri Lankan Tamil in the UK",male
HG04235,IT237,SAS,ITU,"Indian Telugu in the UK",male
HG04238,IT240,SAS,ITU,"Indian Telugu in the UK",male
HG04239,HG04239,SAS,ITU,"Indian Telugu in the UK",male
NA20845,NA20845,SAS,GIH,"Gujarati Indian in Houston,TX",male
NA20846,NA20846,SAS,GIH,"Gujarati Indian in Houston,TX",male
NA20847,NA20847,SAS,GIH,"Gujarati Indian in Houston,TX",female
NA20849,NA20849,SAS,GIH,"Gujarati Indian in Houston,TX",female
NA20850,NA20850,SAS,GIH,"Gujarati Indian in Houston,TX",male
NA20851,NA20851,SAS,GIH,"Gujarati Indian in Houston,TX",female
NA20852,NA20852,SAS,GIH,"Gujarati Indian in Houston,TX",male
NA20853,NA20853,SAS,GIH,"Gujarati Indian in Houston,TX",female
NA20854,NA20854,SAS,GIH,"Gujarati Indian in Houston,TX",female
NA20856,NA20856,SAS,GIH,"Gujarati Indian in Houston,TX",female
NA20858,NA20858,SAS,GIH,"Gujarati Indian in Houston,TX",male
NA20859,NA20859,SAS,GIH,"Gujarati Indian in Houston,TX",female
NA20861,NA20861,SAS,GIH,"Gujarati Indian in Houston,TX",male
NA20862,NA20862,SAS,GIH,"Gujarati Indian in Houston,TX",female
NA20863,NA20863,SAS,GIH,"Gujarati Indian in Houston,TX",male
NA20864,NA20864,SAS,GIH,"Gujarati Indian in Houston,TX",male
NA20866,NA20866,SAS,GIH,"Gujarati Indian in Houston,TX",male
NA20867,NA20867,SAS,GIH,"Gujarati Indian in Houston,TX",male
NA20868,GIH001,SAS,GIH,"Gujarati Indian in Houston,TX",female
NA20869,NA20869,SAS,GIH,"Gujarati Indian in Houston,TX",female
NA20870,NA20870,SAS,GIH,"Gujarati Indian in Houston,TX",male
NA20871,GIH001,SAS,GIH,"Gujarati Indian in Houston,TX",male
NA20872,NA20872,SAS,GIH,"Gujarati Indian in Houston,TX",female
NA20873,NA20873,SAS,GIH,"Gujarati Indian in Houston,TX",male
NA20874,NA20874,SAS,GIH,"Gujarati Indian in Houston,TX",female
NA20875,NA20875,SAS,GIH,"Gujarati Indian in Houston,TX",female
NA20876,NA20876,SAS,GIH,"Gujarati Indian in Houston,TX",female
NA20877,NA20877,SAS,GIH,"Gujarati Indian in Houston,TX",female
NA20878,NA20878,SAS,GIH,"Gujarati Indian in Houston,TX",female
NA20881,NA20881,SAS,GIH,"Gujarati Indian in Houston,TX",female
NA20882,NA20882,SAS,GIH,"Gujarati Indian in Houston,TX",female
NA20883,NA20883,SAS,GIH,"Gujarati Indian in Houston,TX",male
NA20884,NA20884,SAS,GIH,"Gujarati Indian in Houston,TX",male
NA20885,NA20885,SAS,GIH,"Gujarati Indian in Houston,TX",male
NA20886,GIH002,SAS,GIH,"Gujarati Indian in Houston,TX",female
NA20887,NA20887,SAS,GIH,"Gujarati Indian in Houston,TX",male
NA20888,NA20888,SAS,GIH,"Gujarati Indian in Houston,TX",female
NA20889,NA20889,SAS,GIH,"Gujarati Indian in Houston,TX",male
NA20890,NA20890,SAS,GIH,"Gujarati Indian in Houston,TX",male
NA20891,NA20891,SAS,GIH,"Gujarati Indian in Houston,TX",male
NA20892,NA20892,SAS,GIH,"Gujarati Indian in Houston,TX",female
NA20893,NA20893,SAS,GIH,"Gujarati Indian in Houston,TX",female
NA20894,NA20894,SAS,GIH,"Gujarati Indian in Houston,TX",female
NA20895,NA20895,SAS,GIH,"Gujarati Indian in Houston,TX",male
NA20896,NA20896,SAS,GIH,"Gujarati Indian in Houston,TX",female
NA20897,NA20897,SAS,GIH,"Gujarati Indian in Houston,TX",male
NA20898,GIH002,SAS,GIH,"Gujarati Indian in Houston,TX",male
NA20899,NA20899,SAS,GIH,"Gujarati Indian in Houston,TX",female
NA20900,NA20900,SAS,GIH,"Gujarati Indian in Houston,TX",female
NA20901,NA20901,SAS,GIH,"Gujarati Indian in Houston,TX",male
NA20902,NA20902,SAS,GIH,"Gujarati Indian in Houston,TX",female
NA20903,NA20903,SAS,GIH,"Gujarati Indian in Houston,TX",male
NA20904,NA20904,SAS,GIH,"Gujarati Indian in Houston,TX",male
NA20905,NA20905,SAS,GIH,"Gujarati Indian in Houston,TX",male
NA20906,NA20906,SAS,GIH,"Gujarati Indian in Houston,TX",female
NA20908,NA20908,SAS,GIH,"Gujarati Indian in Houston,TX",female
NA20910,GIH003,SAS,GIH,"Gujarati Indian in Houston,TX",female
NA20911,NA20911,SAS,GIH,"Gujarati Indian in Houston,TX",male
NA21086,NA21086,SAS,GIH,"Gujarati Indian in Houston,TX",female
NA21087,NA21087,SAS,GIH,"Gujarati Indian in Houston,TX",male
NA21088,NA21088,SAS,GIH,"Gujarati Indian in Houston,TX",female
NA21089,NA21089,SAS,GIH,"Gujarati Indian in Houston,TX",female
NA21090,NA21090,SAS,GIH,"Gujarati Indian in Houston,TX",male
NA21091,NA21091,SAS,GIH,"Gujarati Indian in Houston,TX",male
NA21092,NA21092,SAS,GIH,"Gujarati Indian in Houston,TX",male
NA21093,NA21093,SAS,GIH,"Gujarati Indian in Houston,TX",male
NA21094,NA21094,SAS,GIH,"Gujarati Indian in Houston,TX",male
NA21095,NA21095,SAS,GIH,"Gujarati Indian in Houston,TX",male
NA21097,NA21097,SAS,GIH,"Gujarati Indian in Houston,TX",female
NA21098,NA21098,SAS,GIH,"Gujarati Indian in Houston,TX",male
NA21099,NA21099,SAS,GIH,"Gujarati Indian in Houston,TX",male
NA21100,NA21100,SAS,GIH,"Gujarati Indian in Houston,TX",male
NA21101,NA21101,SAS,GIH,"Gujarati Indian in Houston,TX",female
NA21102,NA21102,SAS,GIH,"Gujarati Indian in Houston,TX",female
NA21103,NA21103,SAS,GIH,"Gujarati Indian in Houston,TX",female
NA21104,NA21104,SAS,GIH,"Gujarati Indian in Houston,TX",male
NA21105,NA21105,SAS,GIH,"Gujarati Indian in Houston,TX",male
NA21106,NA21106,SAS,GIH,"Gujarati Indian in Houston,TX",female
NA21107,NA21107,SAS,GIH,"Gujarati Indian in Houston,TX",male
NA21108,NA21108,SAS,GIH,"Gujarati Indian in Houston,TX",female
NA21109,NA21109,SAS,GIH,"Gujarati Indian in Houston,TX",male
NA21110,NA21110,SAS,GIH,"Gujarati Indian in Houston,TX",female
NA21111,NA21111,SAS,GIH,"Gujarati Indian in Houston,TX",male
NA21112,NA21112,SAS,GIH,"Gujarati Indian in Houston,TX",male
NA21113,NA21113,SAS,GIH,"Gujarati Indian in Houston,TX",male
NA21114,NA21114,SAS,GIH,"Gujarati Indian in Houston,TX",male
NA21115,NA21115,SAS,GIH,"Gujarati Indian in Houston,TX",male
NA21116,NA21116,SAS,GIH,"Gujarati Indian in Houston,TX",male
NA21117,NA21117,SAS,GIH,"Gujarati Indian in Houston,TX",male
NA21118,NA21118,SAS,GIH,"Gujarati Indian in Houston,TX",male
NA21119,NA21119,SAS,GIH,"Gujarati Indian in Houston,TX",male
NA21120,NA21120,SAS,GIH,"Gujarati Indian in Houston,TX",female
NA21121,NA21121,SAS,GIH,"Gujarati Indian in Houston,TX",female
NA21122,NA21122,SAS,GIH,"Gujarati Indian in Houston,TX",female
NA21123,NA21123,SAS,GIH,"Gujarati Indian in Houston,TX",male
NA21124,NA21124,SAS,GIH,"Gujarati Indian in Houston,TX",male
NA21125,NA21125,SAS,GIH,"Gujarati Indian in Houston,TX",female
NA21126,NA21126,SAS,GIH,"Gujarati Indian in Houston,TX",male
NA21127,NA21127,SAS,GIH,"Gujarati Indian in Houston,TX",male
NA21128,NA21128,SAS,GIH,"Gujarati Indian in Houston,TX",male
NA21129,NA21129,SAS,GIH,"Gujarati Indian in Houston,TX",male
NA21130,NA21130,SAS,GIH,"Gujarati Indian in Houston,TX",male
NA21133,NA21133,SAS,GIH,"Gujarati Indian in Houston,TX",male
NA21135,NA21135,SAS,GIH,"Gujarati Indian in Houston,TX",male
NA21137,NA21137,SAS,GIH,"Gujarati Indian in Houston,TX",female
NA21141,NA21141,SAS,GIH,"Gujarati Indian in Houston,TX",female
NA21142,NA21142,SAS,GIH,"Gujarati Indian in Houston,TX",female
NA21143,NA21143,SAS,GIH,"Gujarati Indian in Houston,TX",female
NA21144,NA21144,SAS,GIH,"Gujarati Indian in Houston,TX",female
