HG00096,HG00096,EUR,GBR,"British in England and Scotland",male
HG00097,HG00097,EUR,GBR,"British in England and Scotland",female
HG00098,HG00098,EUR,GBR,"British in England and Scotland",male
HG00099,HG00099,EUR,GBR,"British in England and Scotland",female
HG00100,HG00100,EUR,GBR,"British in England and Scotland",female
HG00101,HG00101,EUR,GBR,"British in England and Scotland",male
HG00102,HG00102,EUR,GBR,"British in England and Scotland",female
HG00103,HG00103,EUR,GBR,"British in England and Scotland",male
HG00104,HG00104,EUR,GBR,"British in England and Scotland",female
HG00105,HG00105,EUR,GBR,"British in England and Scotland",male
HG00106,HG00106,EUR,GBR,"British in England and Scotland",female
HG00107,HG00107,EUR,GBR,"British in England and Scotland",male
HG00108,HG00108,EUR,GBR,"British in England and Scotland",male
HG00109,HG00109,EUR,GBR,"British in England and Scotland",male
HG00110,HG00110,EUR,GBR,"British in England and Scotland",female
HG00111,HG00111,EUR,GBR,"British in England and Scotland",female
HG00112,HG00112,EUR,GBR,"British in England and Scotland",male
HG00113,HG00113,EUR,GBR,"British in England and Scotland",male
HG00114,HG00114,EUR,GBR,"British in England and Scotland",male
HG00115,HG00115,EUR,GBR,"British in England and Scotland",male
HG00116,HG00116,EUR,GBR,"British in England and Scotland",male
HG00117,HG00117,EUR,GBR,"British in England and Scotland",male
HG00118,HG00118,EUR,GBR,"British in England and Scotland",female
HG00119,HG00119,EUR,GBR,"British in England and Scotland",male
HG00120,HG00120,EUR,GBR,"British in England and Scotland",female
HG00121,HG00121,EUR,GBR,"British in England and Scotland",female
HG00122,HG00122,EUR,GBR,"British in England and Scotland",female
HG00123,HG00123,EUR,GBR,"British in England and Scotland",female
HG00124,HG00124,EUR,GBR,"British in England and Scotland",female
HG00125,HG00125,EUR,GBR,"British in England and Scotland",female
HG00126,HG00126,EUR,GBR,"British in England and Scotland",male
HG00127,HG00127,EUR,GBR,"British in England and Scotland",female
HG00128,HG00128,EUR,GBR,"British in England and Scotland",female
HG00129,HG00129,EUR,GBR,"British in England and Scotland",male
HG00130,HG00130,EUR,GBR,"British in England and Scotland",female
HG00131,HG00131,EUR,GBR,"British in England and Scotland",male
HG00132,HG00132,EUR,GBR,"British in England and Scotland",female
HG00133,HG00133,EUR,GBR,"British in England and Scotland",female
HG00134,HG00134,EUR,GBR,"British in England and Scotland",female
HG00135,HG00135,EUR,GBR,"British in England and Scotland",female
HG00136,HG00136,EUR,GBR,"British in England and Scotland",male
HG00137,HG00137,EUR,GBR,"British in England and Scotland",female
HG00138,HG00138,EUR,GBR,"British in England and Scotland",male
HG00139,HG00139,EUR,GBR,"British in England and Scotland",male
HG00140,HG00140,EUR,GBR,"British in England and Scotland",male
HG00141,HG00141,EUR,GBR,"British in England and Scotland",male
HG00142,HG00142,EUR,GBR,"British in England and Scotland",male
HG00143,HG00143,EUR,GBR,"British in England and Scotland",male
HG00144,GBR001,EUR,GBR,"British in England and Scotland",female
HG00145,HG00145,EUR,GBR,"British in England and Scotland",male
HG00146,GBR002,EUR,GBR,"British in England and Scotland",female
HG00147,GBR002a,EUR,GBR,"British in England and Scotland",female
HG00148,HG00148,EUR,GBR,"British in England and Scotland",male
HG00149,HG00149,EUR,GBR,"British in England and Scotland",male
HG00150,HG00150,EUR,GBR,"British in England and Scotland",female
HG00151,HG00151,EUR,GBR,"British in England and Scotland",male
HG00152,HG00152,EUR,GBR,"British in England and Scotland",male
HG00153,GBR003,EUR,GBR,"British in England and Scotland",female
HG00154,HG00154,EUR,GBR,"British in England and Scotland",female
HG00155,GBR001,EUR,GBR,"British in England and Scotland",male
HG00156,HG00156,EUR,GBR,"British in England and Scotland",male
HG00157,HG00157,EUR,GBR,"British in England and Scotland",male
HG00158,GBR003,EUR,GBR,"British in England and Scotland",female
HG00159,HG00159,EUR,GBR,"British in England and Scotland",male
HG00160,HG00160,EUR,GBR,"British in England and Scotland",male
HG00171,HG00171,EUR,FIN,"Finnish in Finland",female
HG00173,HG00173,EUR,FIN,"Finnish in Finland",female
HG00174,HG00174,EUR,FIN,"Finnish in Finland",female
HG00176,HG00176,EUR,FIN,"Finnish in Finland",female
HG00177,HG00177,EUR,FIN,"Finnish in Finland",female
HG00178,HG00178,EUR,FIN,"Finnish in Finland",female
HG00179,HG00179,EUR,FIN,"Finnish in Finland",female
HG00180,HG00180,EUR,FIN,"Finnish in Finland",female
HG00181,HG00181,EUR,FIN,"Finnish in Finland",male
HG00182,HG00182,EUR,FIN,"Finnish in Finland",male
HG00183,HG00183,EUR,FIN,"Finnish in Finland",male
HG00185,HG00185,EUR,FIN,"Finnish in Finland",male
HG00186,HG00186,EUR,FIN,"Finnish in Finland",male
HG00187,HG00187,EUR,FIN,"Finnish in Finland",male
HG00188,HG00188,EUR,FIN,"Finnish in Finland",male
HG00189,HG00189,EUR,FIN,"Finnish in Finland",male
HG00190,HG00190,EUR,FIN,"Finnish in Finland",male
HG00231,HG00231,EUR,GBR,"British in England and Scotland",female
HG00232,HG00232,EUR,GBR,"British in England and Scotland",female
HG00233,HG00233,EUR,GBR,"British in England and Scotland",female
HG00234,HG00234,EUR,GBR,"British in England and Scotland",male
HG00235,HG00235,EUR,GBR,"British in England and Scotland",female
HG00236,HG00236,EUR,GBR,"British in England and Scotland",female
HG00237,HG00237,EUR,GBR,"British in England and Scotland",female
HG00238,HG00238,EUR,GBR,"British in England and Scotland",female
HG00239,HG00239,EUR,GBR,"British in England and Scotland",female
HG00240,HG00240,EUR,GBR,"British in England and Scotland",female
HG00242,HG00242,EUR,GBR,"British in England and Scotland",male
HG00243,HG00243,EUR,GBR,"British in England and Scotland",male
HG00244,HG00244,EUR,GBR,"British in England and Scotland",male
HG00245,HG00245,EUR,GBR,"British in England and Scotland",female
HG00246,HG00246,EUR,GBR,"British in England and Scotland",male
HG00247,GBR004,EUR,GBR,"British in England and Scotland",female
HG00249,HG00249,EUR,GBR,"British in England and Scotland",female
HG00250,HG00250,EUR,GBR,"British in England and Scotland",female
HG00251,HG00251,EUR,GBR,"British in England and Scotland",male
HG00252,HG00252,EUR,GBR,"British in England and Scotland",male
HG00253,HG00253,EUR,GBR,"British in England and Scotland",female
HG00254,HG00254,EUR,GBR,"British in England and Scotland",female
HG00255,HG00255,EUR,GBR,"British in England and Scotland",female
HG00256,HG00256,EUR,GBR,"British in England and Scotland",male
HG00257,HG00257,EUR,GBR,"British in England and Scotland",female
HG00258,HG00258,EUR,GBR,"British in England and Scotland",female
HG00259,HG00259,EUR,GBR,"British in England and Scotland",female
HG00260,HG00260,EUR,GBR,"British in England and Scotland",male
HG00261,HG00261,EUR,GBR,"British in England and Scotland",female
HG00262,HG00262,EUR,GBR,"British in England and Scotland",female
HG00263,HG00263,EUR,GBR,"British in England and Scotland",female
HG00264,HG00264,EUR,GBR,"British in England and Scotland",male
HG00265,HG00265,EUR,GBR,"British in England and Scotland",male
HG00266,HG00266,EUR,FIN,"Finnish in Finland",female
HG00267,HG00267,EUR,FIN,"Finnish in Finland",male
HG00268,HG00268,EUR,FIN,"Finnish in Finland",female
HG00269,HG00269,EUR,FIN,"Finnish in Finland",female
HG00270,HG00270,EUR,FIN,"Finnish in Finland",female
HG00271,HG00271,EUR,FIN,"Finnish in Finland",male
HG00272,HG00272,EUR,FIN,"Finnish in Finland",female
HG00273,HG00273,EUR,FIN,"Finnish in Finland",male
HG00274,HG00274,EUR,FIN,"Finnish in Finland",female
HG00275,HG00275,EUR,FIN,"Finnish in Finland",female
HG00276,HG00276,EUR,FIN,"Finnish in Finland",female
HG00277,HG00277,EUR,FIN,"Finnish in Finland",male
HG00278,HG00278,EUR,FIN,"Finnish in Finland",male
HG00280,HG00280,EUR,FIN,"Finnish in Finland",male
HG00281,HG00281,EUR,FIN,"Finnish in Finland",female
HG00282,HG00282,EUR,FIN,"Finnish in Finland",female
HG00284,HG00284,EUR,FIN,"Finnish in Finland",male
HG00285,HG00285,EUR,FIN,"Finnish in Finland",female
HG00288,HG00288,EUR,FIN,"Finnish in Finland",female
HG00290,HG00290,EUR,FIN,"Finnish in Finland",male
HG00304,HG00304,EUR,FIN,"Finnish in Finland",female
HG00306,HG00306,EUR,FIN,"Finnish in Finland",female
HG00308,HG00308,EUR,FIN,"Finnish in Finland",male
HG00309,HG00309,EUR,FIN,"Finnish in Finland",female
HG00310,HG00310,EUR,FIN,"Finnish in Finland",male
HG00311,HG00311,EUR,FIN,"Finnish in Finland",male
HG00312,HG00312,EUR,FIN,"Finnish in Finland",male
HG00313,HG00313,EUR,FIN,"Finnish in Finland",female
HG00315,HG00315,EUR,FIN,"Finnish in Finland",female
HG00318,HG00318,EUR,FIN,"Finnish in Finland",female
HG00319,HG00319,EUR,FIN,"Finnish in Finland",female
HG00320,HG00320,EUR,FIN,"Finnish in Finland",female
HG00321,HG00321,EUR,FIN,"Finnish in Finland",male
HG00323,HG00323,EUR,FIN,"Finnish in Finland",female
HG00324,HG00324,EUR,FIN,"Finnish in Finland",female
HG00325,HG00325,EUR,FIN,"Finnish in Finland",male
HG00326,HG00326,EUR,FIN,"Finnish in Finland",female
HG00327,HG00327,EUR,FIN,"Finnish in Finland",female
HG00328,HG00328,EUR,FIN,"Finnish in Finland",female
HG00329,HG00329,EUR,FIN,"Finnish in Finland",male
HG00330,HG00330,EUR,FIN,"Finnish in Finland",female
HG00331,HG00331,EUR,FIN,"Finnish in Finland",female
HG00332,HG00332,EUR,FIN,"Finnish in Finland",female
HG00334,HG00334,EUR,FIN,"Finnish in Finland",female
HG00335,HG00335,EUR,FIN,"Finnish in Finland",male
HG00336,HG00336,EUR,FIN,"Finnish in Finland",male
HG00337,HG00337,EUR,FIN,"Finnish in Finland",female
HG00338,HG00338,EUR,FIN,"Finnish in Finland",male
HG00339,HG00339,EUR,FIN,"Finnish in Finland",female
HG00341,HG00341,EUR,FIN,"Finnish in Finland",male
HG00342,HG00342,EUR,FIN,"Finnish in Finland",male
HG00343,HG00343,EUR,FIN,"Finnish in Finland",female
HG00344,HG00344,EUR,FIN,"Finnish in Finland",female
HG00345,HG00345,EUR,FIN,"Finnish in Finland",male
HG00346,HG00346,EUR,FIN,"Finnish in Finland",female
HG00349,HG00349,EUR,FIN,"Finnish in Finland",female
HG00350,HG00350,EUR,FIN,"Finnish in Finland",female
HG00351,HG00351,EUR,FIN,"Finnish in Finland",male
HG00353,HG00353,EUR,FIN,"Finnish in Finland",female
HG00355,HG00355,EUR,FIN,"Finnish in Finland",female
HG00356,HG00356,EUR,FIN,"Finnish in Finland",female
HG00357,HG00357,EUR,FIN,"Finnish in Finland",female
HG00358,HG00358,EUR,FIN,"Finnish in Finland",male
HG00359,HG00359,EUR,FIN,"Finnish in Finland",female
HG00360,HG00360,EUR,FIN,"Finnish in Finland",male
HG00361,HG00361,EUR,FIN,"Finnish in Finland",female
HG00362,HG00362,EUR,FIN,"Finnish in Finland",female
HG00364,HG00364,EUR,FIN,"Finnish in Finland",female
HG00365,HG00365,EUR,FIN,"Finnish in Finland",female
HG00366,HG00366,EUR,FIN,"Finnish in Finland",male
HG00367,HG00367,EUR,FIN,"Finnish in Finland",female
HG00368,HG00368,EUR,FIN,"Finnish in Finland",female
HG00369,HG00369,EUR,FIN,"Finnish in Finland",male
HG00371,HG00371,EUR,FIN,"Finnish in Finland",male
HG00372,HG00372,EUR,FIN,"Finnish in Finland",male
HG00373,HG00373,EUR,FIN,"Finnish in Finland",female
HG00375,HG00375,EUR,FIN,"Finnish in Finland",male
HG00376,HG00376,EUR,FIN,"Finnish in Finland",female
HG00377,HG00377,EUR,FIN,"Finnish in Finland",female
HG00378,HG00378,EUR,FIN,"Finnish in Finland",female
HG00379,HG00379,EUR,FIN,"Finnish in Finland",female
HG00380,HG00380,EUR,FIN,"Finnish in Finland",female
HG00381,HG00381,EUR,FIN,"Finnish in Finland",female
HG00382,HG00382,EUR,FIN,"Finnish in Finland",male
HG00383,HG00383,EUR,FIN,"Finnish in Finland",female
HG00384,HG00384,EUR,FIN,"Finnish in Finland",female
HG01334,HG01334,EUR,GBR,"British in England and Scotland",male
HG01500,IBS001,EUR,IBS,"Iberian populations in Spain",male
HG01501,IBS001,EUR,IBS,"Iberian populations in Spain",female
HG01503,IBS002,EUR,IBS,"Iberian populations in Spain",male
HG01504,IBS002,EUR,IBS,"Iberian populations in Spain",female
HG01506,IBS003,EUR,IBS,"Iberian populations in Spain",male
HG01507,IBS003,EUR,IBS,"Iberian populations in Spain",female
HG01509,IBS004,EUR,IBS,"Iberian populations in Spain",male
HG01510,IBS004,EUR,IBS,"Iberian populations in Spain",female
HG01512,IBS005,EUR,IBS,"Iberian populations in Spain",male
HG01513,IBS005,EUR,IBS,"Iberian populations in Spain",female
HG01515,IBS006,EUR,IBS,"Iberian populations in Spain",male
HG01516,IBS006,EUR,IBS,"Iberian populations in Spain",female
HG01518,IBS007,EUR,IBS,"Iberian populations in Spain",male
HG01519,IBS007,EUR,IBS,"Iberian populations in Spain",female
HG01521,IBS008,EUR,IBS,"Iberian populations in Spain",male
HG01522,IBS008,EUR,IBS,"Iberian populations in Spain",female
HG01524,IBS009,EUR,IBS,"Iberian populations in Spain",male
HG01525,IBS009,EUR,IBS,"Iberian populations in Spain",female
HG01527,IBS010,EUR,IBS,"Iberian populations in Spain",male
HG01528,IBS010,EUR,IBS,"Iberian populations in Spain",female
HG01530,IBS011,EUR,IBS,"Iberian populations in Spain",male
HG01531,IBS011,EUR,IBS,"Iberian populations in Spain",female
HG01536,IBS013,EUR,IBS,"Iberian populations in Spain",male
HG01537,IBS013,EUR,IBS,"Iberian populations in Spain",female
HG01602,IBS024,EUR,IBS,"Iberian populations in Spain",female
HG01603,IBS024,EUR,IBS,"Iberian populations in Spain",male
HG01605,IBS023,EUR,IBS,"Iberian populations in Spain",female
HG01606,IBS023,EUR,IBS,"Iberian populations in Spain",male
HG01607,IBS022,EUR,IBS,"Iberian populations in Spain",female
HG01608,IBS022,EUR,IBS,"Iberian populations in Spain",male
HG01610,IBS021,EUR,IBS,"Iberian populations in Spain",male
HG01612,IBS021,EUR,IBS,"Iberian populations in Spain",female
HG01613,IBS020,EUR,IBS,"Iberian populations in Spain",female
HG01615,IBS020,EUR,IBS,"Iberian populations in Spain",male
HG01617,IBS019,EUR,IBS,"Iberian populations in Spain",male
HG01618,IBS019,EUR,IBS,"Iberian populations in Spain",female
HG01619,IBS018,EUR,IBS,"Iberian populations in Spain",male
HG01620,IBS018,EUR,IBS,"Iberian populations in Spain",female
HG01623,IBS017,EUR,IBS,"Iberian populations in Spain",female
HG01624,IBS017,EUR,IBS,"Iberian populations in Spain",male
HG01625,IBS016,EUR,IBS,"Iberian populations in Spain",male
HG01626,IBS016,EUR,IBS,"Iberian populations in Spain",female
HG01628,IBS015,EUR,IBS,"Iberian populations in Spain",female
HG01630,IBS015,EUR,IBS,"Iberian populations in Spain",male
HG01631,IBS014,EUR,IBS,"Iberian populations in Spain",male
HG01632,IBS014,EUR,IBS,"Iberian populations in Spain",female
HG01668,IBS025,EUR,IBS,"Iberian populations in Spain",female
HG01669,IBS025,EUR,IBS,"Iberian populations in Spain",male
HG01670,IBS026,EUR,IBS,"Iberian populations in Spain",female
HG01672,IBS026,EUR,IBS,"Iberian populations in Spain",male
HG01673,IBS027,EUR,IBS,"Iberian populations in Spain",female
HG01675,IBS027,EUR,IBS,"Iberian populations in Spain",male
HG01676,IBS028,EUR,IBS,"Iberian populations in Spain",female
HG01678,IBS028,EUR,IBS,"Iberian populations in Spain",male
HG01679,IBS029,EUR,IBS,"Iberian populations in Spain",female
HG01680,IBS029,EUR,IBS,"Iberian populations in Spain",male
HG01682,IBS030,EUR,IBS,"Iberian populations in Spain",male
HG01684,IBS030,EUR,IBS,"Iberian populations in Spain",female
HG01685,IBS031,EUR,IBS,"Iberian populations in Spain",female
HG01686,IBS031,EUR,IBS,"Iberian populations in Spain",male
HG01694,IBS034,EUR,IBS,"Iberian populations in Spain",male
HG01695,IBS034,EUR,IBS,"Iberian populations in Spain",female
HG01697,IBS035,EUR,IBS,"Iberian populations in Spain",female
HG01699,IBS035,EUR,IBS,"Iberian populations in Spain",male
HG01700,IBS036,EUR,IBS,"Iberian populations in Spain",male
HG01702,IBS036,EUR,IBS,"Iberian populations in Spain",female
HG01704,IBS037,EUR,IBS,"Iberian populations in Spain",female
HG01705,IBS037,EUR,IBS,"Iberian populations in Spain",male
HG01707,IBS038,EUR,IBS,"Iberian populations in Spain",female
HG01708,IBS038,EUR,IBS,"Iberian populations in Spain",male
HG01709,IBS039,EUR,IBS,"Iberian populations in Spain",male
HG01710,IBS039,EUR,IBS,"Iberian populations in Spain",female
HG01746,IBS041,EUR,IBS,"Iberian populations in Spain",female
HG01747,IBS041,EUR,IBS,"Iberian populations in Spain",male
HG01756,IBS044,EUR,IBS,"Iberian populations in Spain",male
HG01757,IBS044,EUR,IBS,"Iberian populations in Spain",female
HG01761,IBS046,EUR,IBS,"Iberian populations in Spain",male
HG01762,IBS046,EUR,IBS,"Iberian populations in Spain",female
HG01765,IBS047,EUR,IBS,"Iberian populations in Spain",male
HG01766,IBS047,EUR,IBS,"Iberian populations in Spain",female
HG01767,IBS048,EUR,IBS,"Iberian populations in Spain",male
HG01768,IBS048,EUR,IBS,"Iberian populations in Spain",female
HG01770,IBS049,EUR,IBS,"Iberian populations in Spain",female
HG01771,IBS049,EUR,IBS,"Iberian populations in Spain",male
HG01773,IBS050,EUR,IBS,"Iberian populations in Spain",female
HG01775,IBS050,EUR,IBS,"Iberian populations in Spain",male
HG01776,IBS051,EUR,IBS,"Iberian populations in Spain",female
HG01777,IBS051,EUR,IBS,"Iberian populations in Spain",male
HG01779,IBS052,EUR,IBS,"Iberian populations in Spain",female
HG01781,IBS052,EUR,IBS,"Iberian populations in Spain",male
HG01783,IBS053,EUR,IBS,"Iberian populations in Spain",male
HG01784,IBS053,EUR,IBS,"Iberian populations in Spain",female
HG01785,IBS054,EUR,IBS,"Iberian populations in Spain",male
HG01786,IBS054,EUR,IBS,"Iberian populations in Spain",female
HG01789,HG01789,EUR,GBR,"British in England and Scotland",male
HG01790,HG01790,EUR,GBR,"British in England and Scotland",female
HG01791,HG01791,EUR,GBR,"British in England and Scotland",male
HG02215,HG02215,EUR,GBR,"British in England and Scotland",female
HG02219,IBS055,EUR,IBS,"Iberian populations in Spain",male
HG02220,IBS056,EUR,IBS,"Iberian populations in Spain",female
HG02221,IBS056,EUR,IBS,"Iberian populations in Spain",male
HG02223,IBS057,EUR,IBS,"Iberian populations in Spain",female
HG02224,IBS057,EUR,IBS,"Iberian populations in Spain",male
HG02230,IBS059,EUR,IBS,"Iberian populations in Spain",female
HG02231,IBS059,EUR,IBS,"Iberian populations in Spain",male
HG02232,IBS060,EUR,IBS,"Iberian populations in Spain",female
HG02233,IBS060,EUR,IBS,"Iberian populations in Spain",male
HG02235,IBS061,EUR,IBS,"Iberian populations in Spain",female
HG02236,IBS061,EUR,IBS,"Iberian populations in Spain",male
HG02238,IBS062,EUR,IBS,"Iberian populations in Spain",male
HG02239,IBS062,EUR,IBS,"Iberian populations in Spain",female
NA06984,,EUR,CEU,"Utah residents with Northern and Western European ancestry",male
NA06985,,EUR,CEU,"Utah residents with Northern and Western European ancestry",female
NA06986,,EUR,CEU,"Utah residents with Northern and Western European ancestry",male
NA06989,,EUR,CEU,"Utah residents with Northern and Western European ancestry",female
NA06994,,EUR,CEU,"Utah residents with Northern and Western European ancestry",male
NA07000,,EUR,CEU,"Utah residents with Northern and Western European ancestry",female
NA07037,,EUR,CEU,"Utah residents with Northern and Western European ancestry",female
NA07048,,EUR,CEU,"Utah residents with Northern and Western European ancestry",male
NA07051,,EUR,CEU,"Utah residents with Northern and Western European ancestry",male
NA07056,,EUR,CEU,"Utah residents with Northern and Western European ancestry",female
NA07346,,EUR,CEU,"Utah residents with Northern and Western European ancestry",female
NA07347,,EUR,CEU,"Utah residents with Northern and Western European ancestry",male
NA07357,,EUR,CEU,"Utah residents with Northern and Western European ancestry",male
NA10847,,EUR,CEU,"Utah residents with Northern and Western European ancestry",female
NA10851,,EUR,CEU,"Utah residents with Northern and Western European ancestry",male
NA11829,,EUR,CEU,"Utah residents with Northern and Western European ancestry",male
NA11830,,EUR,CEU,"Utah residents with Northern and Western European ancestry",female
NA11831,,EUR,CEU,"Utah residents with Northern and Western European ancestry",male
NA11832,,EUR,CEU,"Utah residents with Northern and Western European ancestry",female
NA11840,,EUR,CEU,"Utah residents with Northern and Western European ancestry",female
NA11843,,EUR,CEU,"Utah residents with Northern and Western European ancestry",male
NA11881,,EUR,CEU,"Utah residents with Northern and Western European ancestry",male
NA11892,,EUR,CEU,"Utah residents with Northern and Western European ancestry",female
NA11893,,EUR,CEU,"Utah residents with Northern and Western European ancestry",male
NA11894,,EUR,CEU,"Utah residents with Northern and Western European ancestry",female
NA11918,,EUR,CEU,"Utah residents with Northern and Western European ancestry",female
NA11919,,EUR,CEU,"Utah residents with Northern and Western European ancestry",male
NA11920,,EUR,CEU,"Utah residents with Northern and Western European ancestry",female
NA11930,,EUR,CEU,"Utah residents with Northern and Western European ancestry",male
NA11931,,EUR,CEU,"Utah residents with Northern and Western European ancestry",female
NA11932,1424a,EUR,CEU,"Utah residents with Northern and Western European ancestry",male
NA11933,1424a,EUR,CEU,"Utah residents with Northern and Western European ancestry",female
NA11992,,EUR,CEU,"Utah residents with Northern and Western European ancestry",male
NA11993,,EUR,CEU,"Utah residents with Northern and Western European ancestry",female
NA11994,,EUR,CEU,"Utah residents with Northern and Western European ancestry",male
NA11995,,EUR,CEU,"Utah residents with Northern and Western European ancestry",female
NA12003,,EUR,CEU,"Utah residents with Northern and Western European ancestry",male
NA12004,,EUR,CEU,"Utah residents with Northern and Western European ancestry",female
NA12005,,EUR,CEU,"Utah residents with Northern and Western European ancestry",male
NA12006,,EUR,CEU,"Utah residents with Northern and Western European ancestry",female
NA12043,,EUR,CEU,"Utah residents with Northern and Western European ancestry",male
NA12044,,EUR,CEU,"Utah residents with Northern and Western European ancestry",female
NA12045,,EUR,CEU,"Utah residents with Northern and Western European ancestry",male
NA12046,,EUR,CEU,"Utah residents with Northern and Western European ancestry",female
NA12058,,EUR,CEU,"Utah residents with Northern and Western European ancestry",female
NA12144,,EUR,CEU,"Utah residents with Northern and Western European ancestry",male
NA12154,,EUR,CEU,"Utah residents with Northern and Western European ancestry",male
NA12155,,EUR,CEU,"Utah residents with Northern and Western European ancestry",male
NA12156,,EUR,CEU,"Utah residents with Northern and Western European ancestry",female
NA12234,,EUR,CEU,"Utah residents with Northern and Western European ancestry",female
NA12249,,EUR,CEU,"Utah residents with Northern and Western European ancestry",female
NA12272,,EUR,CEU,"Utah residents with Northern and Western European ancestry",male
NA12273,,EUR,CEU,"Utah residents with Northern and Western European ancestry",female
NA12275,,EUR,CEU,"Utah residents with Northern and Western European ancestry",female
NA12282,1421a,EUR,CEU,"Utah residents with Northern and Western European ancestry",male
NA12283,1421a,EUR,CEU,"Utah residents with Northern and Western European ancestry",female
NA12286,,EUR,CEU,"Utah residents with Northern and Western European ancestry",male
NA12287,,EUR,CEU,"Utah residents with Northern and Western European ancestry",female
NA12340,,EUR,CEU,"Utah residents with Northern and Western European ancestry",male
NA12341,,EUR,CEU,"Utah residents with Northern and Western European ancestry",female
NA12342,,EUR,CEU,"Utah residents with Northern and Western European ancestry",male
NA12347,,EUR,CEU,"Utah residents with Northern and Western European ancestry",male
NA12348,,EUR,CEU,"Utah residents with Northern and Western European ancestry",female
NA12383,,EUR,CEU,"Utah residents with Northern and Western European ancestry",female
NA12399,,EUR,CEU,"Utah residents with Northern and Western European ancestry",male
NA12400,,EUR,CEU,"Utah residents with Northern and Western European ancestry",female
NA12413,,EUR,CEU,"Utah residents with Northern and Western European ancestry",male
NA12414,,EUR,CEU,"Utah residents with Northern and Western European ancestry",female
NA12489,,EUR,CEU,"Utah residents with Northern and Western European ancestry",female
NA12546,,EUR,CEU,"Utah residents with Northern and Western European ancestry",male
NA12716,,EUR,CEU,"Utah residents with Northern and Western European ancestry",male
NA12717,,EUR,CEU,"Utah residents with Northern and Western European ancestry",female
NA12718,,EUR,CEU,"Utah residents with Northern and Western European ancestry",female
NA12748,,EUR,CEU,"Utah residents with Northern and Western European ancestry",male
NA12749,,EUR,CEU,"Utah residents with Northern and Western European ancestry",female
NA12750,,EUR,CEU,"Utah residents with Northern and Western European ancestry",male
NA12751,,EUR,CEU,"Utah residents with Northern and Western European ancestry",female
NA12760,,EUR,CEU,"Utah residents with Northern and Western European ancestry",male
NA12761,,EUR,CEU,"Utah residents with Northern and Western European ancestry",female
NA12762,,EUR,CEU,"Utah residents with Northern and Western European ancestry",male
NA12763,,EUR,CEU,"Utah residents with Northern and Western European ancestry",female
NA12775,,EUR,CEU,"Utah residents with Northern and Western European ancestry",male
NA12776,,EUR,CEU,"Utah residents with Northern and Western European ancestry",female
NA12777,,EUR,CEU,"Utah residents with Northern and Western European ancestry",male
NA12778,,EUR,CEU,"Utah residents with Northern and Western European ancestry",female
NA12812,,EUR,CEU,"Utah residents with Northern and Western European ancestry",male
NA12813,,EUR,CEU,"Utah residents with Northern and Western European ancestry",female
NA12814,,EUR,CEU,"Utah residents with Northern and Western European ancestry",male
NA12815,,EUR,CEU,"Utah residents with Northern and Western European ancestry",female
NA12827,,EUR,CEU,"Utah residents with Northern and Western European ancestry",male
NA12828,,EUR,CEU,"Utah residents with Northern and Western European ancestry",female
NA12829,,EUR,CEU,"Utah residents with Northern and Western European ancestry",male
NA12830,,EUR,CEU,"Utah residents with Northern and Western European ancestry",female
NA12842,,EUR,CEU,"Utah residents with Northern and Western European ancestry",male
NA12843,,EUR,CEU,"Utah residents with Northern and Western European ancestry",female
NA12872,,EUR,CEU,"Utah residents with Northern and Western European ancestry",male
NA12873,,EUR,CEU,"Utah residents with Northern and Western European ancestry",female
NA12874,,EUR,CEU,"Utah residents with Northern and Western European ancestry",male
NA12878,,EUR,CEU,"Utah residents with Northern and Western European ancestry",female
NA12889,,EUR,CEU,"Utah residents with Northern and Western European ancestry",male
NA12890,,EUR,CEU,"Utah residents with Northern and Western European ancestry",female
NA20502,NA20502,EUR,TSI,"Toscani in Italy",female
NA20503,NA20503,EUR,TSI,"Toscani in Italy",female
NA20504,NA20504,EUR,TSI,"Toscani in Italy",female
NA20505,NA20505,EUR,TSI,"Toscani in Italy",female
NA20506,NA20506,EUR,TSI,"Toscani in Italy",female
NA20507,NA20507,EUR,TSI,"Toscani in Italy",female
NA20508,NA20508,EUR,TSI,"Toscani in Italy",female
NA20509,NA20509,EUR,TSI,"Toscani in Italy",male
NA20510,NA20510,EUR,TSI,"Toscani in Italy",male
NA20511,NA20511,EUR,TSI,"Toscani in Italy",male
NA20512,NA20512,EUR,TSI,"Toscani in Italy",male
NA20513,NA20513,EUR,TSI,"Toscani in Italy",male
NA20514,NA20514,EUR,TSI,"Toscani in Italy",female
NA20515,NA20515,EUR,TSI,"Toscani in Italy",male
NA20516,NA20516,EUR,TSI,"Toscani in Italy",male
NA20517,NA20517,EUR,TSI,"Toscani in Italy",female
NA20518,NA20518,EUR,TSI,"Toscani in Italy",male
NA20519,NA20519,EUR,TSI,"Toscani in Italy",male
NA20520,NA20520,EUR,TSI,"Toscani in Italy",male
NA20521,NA20521,EUR,TSI,"Toscani in Italy",male
NA20522,NA20522,EUR,TSI,"Toscani in Italy",female
NA20524,NA20524,EUR,TSI,"Toscani in Italy",male
NA20525,NA20525,EUR,TSI,"Toscani in Italy",male
NA20526,NA20526,EUR,TSI,"Toscani in Italy",female
NA20527,NA20527,EUR,TSI,"Toscani in Italy",male
NA20528,NA20528,EUR,TSI,"Toscani in Italy",male
NA20529,NA20529,EUR,TSI,"Toscani in Italy",female
NA20530,NA20530,EUR,TSI,"Toscani in Italy",female
NA20531,NA20531,EUR,TSI,"Toscani in Italy",female
NA20532,NA20532,EUR,TSI,"Toscani in Italy",male
NA20533,NA20533,EUR,TSI,"Toscani in Italy",female
NA20534,NA20534,EUR,TSI,"Toscani in Italy",male
NA20535,NA20535,EUR,TSI,"Toscani in Italy",female
NA20536,NA20536,EUR,TSI,"Toscani in Italy",male
NA20537,NA20537,EUR,TSI,"Toscani in Italy",male
NA20538,NA20538,EUR,TSI,"Toscani in Italy",male
NA20539,NA20539,EUR,TSI,"Toscani in Italy",male
NA20540,NA20540,EUR,TSI,"Toscani in Italy",female
NA20541,NA20541,EUR,TSI,"Toscani in Italy",female
NA20542,NA20542,EUR,TSI,"Toscani in Italy",female
NA20543,NA20543,EUR,TSI,"Toscani in Italy",male
NA20544,NA20544,EUR,TSI,"Toscani in Italy",male
NA20581,NA20581,EUR,TSI,"Toscani in Italy",male
NA20582,NA20582,EUR,TSI,"Toscani in Italy",female
NA20585,NA20585,EUR,TSI,"Toscani in Italy",female
NA20586,NA20586,EUR,TSI,"Toscani in Italy",male
NA20587,NA20587,EUR,TSI,"Toscani in Italy",female
NA20588,NA20588,EUR,TSI,"Toscani in Italy",male
NA20589,NA20589,EUR,TSI,"Toscani in Italy",female
NA20752,NA20752,EUR,TSI,"Toscani in Italy",male
NA20753,NA20753,EUR,TSI,"Toscani in Italy",female
NA20754,NA20754,EUR,TSI,"Toscani in Italy",male
NA20755,NA20755,EUR,TSI,"Toscani in Italy",male
NA20756,NA20756,EUR,TSI,"Toscani in Italy",female
NA20757,NA20757,EUR,TSI,"Toscani in Italy",female
NA20758,NA20758,EUR,TSI,"Toscani in Italy",male
NA20759,NA20759,EUR,TSI,"Toscani in Italy",male
NA20760,NA20760,EUR,TSI,"Toscani in Italy",female
NA20761,NA20761,EUR,TSI,"Toscani in Italy",female
NA20762,NA20762,EUR,TSI,"Toscani in Italy",male
NA20763,NA20763,EUR,TSI,"Toscani in Italy",male
NA20764,NA20764,EUR,TSI,"Toscani in Italy",female
NA20765,NA20765,EUR,TSI,"Toscani in Italy",male
NA20766,NA20766,EUR,TSI,"Toscani in Italy",female
NA20767,NA20767,EUR,TSI,"Toscani in Italy",male
NA20768,NA20768,EUR,TSI,"Toscani in Italy",female
NA20769,NA20769,EUR,TSI,"Toscani in Italy",female
NA20770,NA20770,EUR,TSI,"Toscani in Italy",male
NA20771,NA20771,EUR,TSI,"Toscani in Italy",female
NA20772,NA20772,EUR,TSI,"Toscani in Italy",female
NA20773,NA20773,EUR,TSI,"Toscani in Italy",female
NA20774,NA20774,EUR,TSI,"Toscani in Italy",female
NA20775,NA20775,EUR,TSI,"Toscani in Italy",female
NA20778,NA20778,EUR,TSI,"Toscani in Italy",male
NA20783,NA20783,EUR,TSI,"Toscani in Italy",male
NA20785,NA20785,EUR,TSI,"Toscani in Italy",male
NA20786,NA20786,EUR,TSI,"Toscani in Italy",female
NA20787,NA20787,EUR,TSI,"Toscani in Italy",male
NA20790,NA20790,EUR,TSI,"Toscani in Italy",female
NA20792,NA20792,EUR,TSI,"Toscani in Italy",male
NA20795,NA20795,EUR,TSI,"Toscani in Italy",female
NA20796,NA20796,EUR,TSI,"Toscani in Italy",male
NA20797,NA20797,EUR,TSI,"Toscani in Italy",female
NA20798,NA20798,EUR,TSI,"Toscani in Italy",male
NA20799,NA20799,EUR,TSI,"Toscani in Italy",female
NA20800,NA20800,EUR,TSI,"Toscani in Italy",female
NA20801,NA20801,EUR,TSI,"Toscani in Italy",male
NA20802,NA20802,EUR,TSI,"Toscani in Italy",female
NA20803,NA20803,EUR,TSI,"Toscani in Italy",male
NA20804,NA20804,EUR,TSI,"Toscani in Italy",female
NA20805,NA20805,EUR,TSI,"Toscani in Italy",male
NA20806,NA20806,EUR,TSI,"Toscani in Italy",male
NA20807,NA20807,EUR,TSI,"Toscani in Italy",female
NA20808,NA20808,EUR,TSI,"Toscani in Italy",female
NA20809,NA20809,EUR,TSI,"Toscani in Italy",male
NA20810,NA20810,EUR,TSI,"Toscani in Italy",male
NA20811,NA20811,EUR,TSI,"Toscani in Italy",male
NA20812,NA20812,EUR,TSI,"Toscani in Italy",male
NA20813,NA20813,EUR,TSI,"Toscani in Italy",female
NA20814,NA20814,EUR,TSI,"Toscani in Italy",male
NA20815,NA20815,EUR,TSI,"Toscani in Italy",male
NA20816,NA20816,EUR,TSI,"Toscani in Italy",male
NA20818,NA20818,EUR,TSI,"Toscani in Italy",female
NA20819,NA20819,EUR,TSI,"Toscani in Italy",female
NA20821,NA20821,EUR,TSI,"Toscani in Italy",female
NA20822,NA20822,EUR,TSI,"Toscani in Italy",female
NA20826,NA20826,EUR,TSI,"Toscani in Italy",female
NA20827,NA20827,EUR,TSI,"Toscani in Italy",male
NA20828,NA20828,EUR,TSI,"Toscani in Italy",female
NA20829,NA20829,EUR,TSI,"Toscani in Italy",male
NA20831,NA20831,EUR,TSI,"Toscani in Italy",male
NA20832,NA20832,EUR,TSI,"Toscani in Italy",female
