HG01879,BB01,AFR,ACB,"African Caribbean in Barbados",male
HG01880,BB01,AFR,ACB,"African Caribbean in Barbados",female
HG01882,BB02,AFR,ACB,"African Caribbean in Barbados",male
HG01883,BB02,AFR,ACB,"African Caribbean in Barbados",female
HG01885,BB03,AFR,ACB,"African Caribbean in Barbados",male
HG01886,BB04,AFR,ACB,"African Caribbean in Barbados",female
HG01889,BB05,AFR,ACB,"African Caribbean in Barbados",female
HG01890,BB05,AFR,ACB,"African Caribbean in Barbados",male
HG01894,BB06,AFR,ACB,"African Caribbean in Barbados",female
HG01896,BB07,AFR,ACB,"African Caribbean in Barbados",female
HG01912,BB06,AFR,ACB,"African Caribbean in Barbados",male
HG01914,BB09,AFR,ACB,"African Caribbean in Barbados",male
HG01915,BB09,AFR,ACB,"African Caribbean in Barbados",female
HG01956,BB03,AFR,ACB,"African Caribbean in Barbados",female
HG01958,BB10,AFR,ACB,"African Caribbean in Barbados",female
HG01985,BB08,AFR,ACB,"African Caribbean in Barbados",female
HG01986,BB10,AFR,ACB,"African Caribbean in Barbados",male
HG01988,BB11,AFR,ACB,"African Caribbean in Barbados",male
HG01989,BB11,AFR,ACB,"African Caribbean in Barbados",female
HG01990,BB12,AFR,ACB,"African Caribbean in Barbados",male
HG02009,BB13,AFR,ACB,"African Caribbean in Barbados",male
HG02010,BB13,AFR,ACB,"African Caribbean in Barbados",female
HG02012,BB12,AFR,ACB,"African Caribbean in Barbados",female
HG02013,BB07,AFR,ACB,"African Caribbean in Barbados",male
HG02014,BB04,AFR,ACB,"African Caribbean in Barbados",male
HG02051,BB14,AFR,ACB,"African Caribbean in Barbados",male
HG02052,BB14,AFR,ACB,"African Caribbean in Barbados",female
HG02053,BB15,AFR,ACB,"African Caribbean in Barbados",male
HG02054,BB15,AFR,ACB,"African Caribbean in Barbados",female
HG02095,BB16,AFR,ACB,"African Caribbean in Barbados",female
HG02107,BB18,AFR,ACB,"African Caribbean in Barbados",male
HG02108,BB18,AFR,ACB,"African Caribbean in Barbados",female
HG02111,BB19,AFR,ACB,"African Caribbean in Barbados",female
HG02143,BB20,AFR,ACB,"African Caribbean in Barbados",male
HG02144,BB20,AFR,ACB,"African Caribbean in Barbados",female
HG02255,BB21,AFR,ACB,"African Caribbean in Barbados",male
HG02256,BB21,AFR,ACB,"African Caribbean in Barbados",female
HG02281,BB24,AFR,ACB,"African Caribbean in Barbados",male
HG02282,BB24,AFR,ACB,"African Caribbean in Barbados",female
HG02283,BB25,AFR,ACB,"African Caribbean in Barbados",male
HG02284,BB26,AFR,ACB,"African Caribbean in Barbados",male
HG02307,BB23,AFR,ACB,"African Caribbean in Barbados",male
HG02308,BB23,AFR,ACB,"African Caribbean in Barbados",female
HG02309,BB25,AFR,ACB,"African Caribbean in Barbados",female
HG02314,BB22,AFR,ACB,"African Caribbean in Barbados",male
HG02315,BB22,AFR,ACB,"African Caribbean in Barbados",female
HG02317,BB27,AFR,ACB,"African Caribbean in Barbados",male
HG02318,BB27,AFR,ACB,"African Caribbean in Barbados",female
HG02322,BB28,AFR,ACB,"African Caribbean in Barbados",female
HG02323,BB29,AFR,ACB,"African Caribbean in Barbados",male
HG02325,BB30,AFR,ACB,"African Caribbean in Barbados",female
HG02330,BB33,AFR,ACB,"African Caribbean in Barbados",male
HG02332,BB16,AFR,ACB,"African Caribbean in Barbados",male
HG02334,BB32,AFR,ACB,"African Caribbean in Barbados",male
HG02337,BB31,AFR,ACB,"African Caribbean in Barbados",female
HG02339,BB34,AFR,ACB,"African Caribbean in Barbados",female
HG02343,BB35,AFR,ACB,"African Caribbean in Barbados",male
HG02419,BB36,AFR,ACB,"African Caribbean in Barbados",female
HG02420,BB37,AFR,ACB,"African Caribbean in Barbados",male
HG02427,BB37,AFR,ACB,"African Caribbean in Barbados",female
HG02429,BB39,AFR,ACB,"African Caribbean in Barbados",male
HG02433,BB41,AFR,ACB,"African Caribbean in Barbados",male
HG02436,BB40,AFR,ACB,"African Caribbean in Barbados",male
HG02439,BB42,AFR,ACB,"African Caribbean in Barbados",male
HG02442,BB43,AFR,ACB,"African Caribbean in Barbados",male
HG02445,BB44,AFR,ACB,"African Caribbean in Barbados",male
HG02449,BB46,AFR,ACB,"African Caribbean in Barbados",male
HG02450,BB46,AFR,ACB,"African Caribbean in Barbados",female
HG02455,BB48,AFR,ACB,"African Caribbean in Barbados",male
HG02461,GB15,AFR,GWD,"Gambian in Western Division, The Gambia",male
HG02462,GB15,AFR,GWD,"Gambian in Western Division, The Gambia",female
HG02464,GB16,AFR,GWD,"Gambian in Western Division, The Gambia",male
HG02465,GB16,AFR,GWD,"Gambian in Western Division, The Gambia",female
HG02470,BB49,AFR,ACB,"African Caribbean in Barbados",male
HG02471,BB49,AFR,ACB,"African Caribbean in Barbados",female
HG02476,BB51,AFR,ACB,"African Caribbean in Barbados",female
HG02477,BB52,AFR,ACB,"African Caribbean in Barbados",female
HG02478,BB53,AFR,ACB,"African Caribbean in Barbados",male
HG02479,BB53,AFR,ACB,"African Caribbean in Barbados",female
HG02481,BB54,AFR,ACB,"African Caribbean in Barbados",male
HG02484,BB55,AFR,ACB,"African Caribbean in Barbados",male
HG02485,BB55,AFR,ACB,"African Caribbean in Barbados",female
HG02489,BB45,AFR,ACB,"African Caribbean in Barbados",male
HG02496,BB57,AFR,ACB,"African Caribbean in Barbados",male
HG02497,BB57,AFR,ACB,"African Caribbean in Barbados",female
HG02501,BB58,AFR,ACB,"African Caribbean in Barbados",male
HG02502,BB58,AFR,ACB,"African Caribbean in Barbados",female
HG02505,BB59,AFR,ACB,"African Caribbean in Barbados",female
HG02508,BB60,AFR,ACB,"African Caribbean in Barbados",female
HG02511,BB56,AFR,ACB,"African Caribbean in Barbados",female
HG02536,BB61,AFR,ACB,"African Caribbean in Barbados",male
HG02537,BB61,AFR,ACB,"African Caribbean in Barbados",female
HG02541,BB63,AFR,ACB,"African Caribbean in Barbados",male
HG02545,BB64,AFR,ACB,"African Caribbean in Barbados",male
HG02546,BB64,AFR,ACB,"African Caribbean in Barbados",female
HG02549,BB65,AFR,ACB,"African Caribbean in Barbados",female
HG02554,BB67,AFR,ACB,"African Caribbean in Barbados",male
HG02555,BB67,AFR,ACB,"African Caribbean in Barbados",female
HG02557,BB68,AFR,ACB,"African Caribbean in Barbados",male
HG02558,BB68,AFR,ACB,"African Caribbean in Barbados",female
HG02561,GB18,AFR,GWD,"Gambian in Western Division, The Gambia",male
HG02562,GB18,AFR,GWD,"Gambian in Western Division, The Gambia",female
HG02568,GB20,AFR,GWD,"Gambian in Western Division, The Gambia",female
HG02570,GB21,AFR,GWD,"Gambian in Western Division, The Gambia",male
HG02571,GB21,AFR,GWD,"Gambian in Western Division, The Gambia",female
HG02573,GB22,AFR,GWD,"Gambian in Western Division, The Gambia",male
HG02574,GB22,AFR,GWD,"Gambian in Western Division, The Gambia",female
HG02577,BB69,AFR,ACB,"African Caribbean in Barbados",female
HG02580,BB70,AFR,ACB,"African Caribbean in Barbados",female
HG02582,GB23,AFR,GWD,"Gambian in Western Division, The Gambia",male
HG02583,GB23,AFR,GWD,"Gambian in Western Division, The Gambia",female
HG02585,GB24,AFR,GWD,"Gambian in Western Division, The Gambia",male
HG02586,GB24,AFR,GWD,"Gambian in Western Division, The Gambia",female
HG02588,GB25,AFR,GWD,"Gambian in Western Division, The Gambia",male
HG02589,GB25,AFR,GWD,"Gambian in Western Division, The Gambia",female
HG02594,GB27,AFR,GWD,"Gambian in Western Division, The Gambia",male
HG02595,GB27,AFR,GWD,"Gambian in Western Division, The Gambia",female
HG02610,GB28,AFR,GWD,"Gambian in Western Division, The Gambia",male
HG02611,GB28,AFR,GWD,"Gambian in Western Division, The Gambia",female
HG02613,GB29,AFR,GWD,"Gambian in Western Division, The Gambia",male
HG02614,GB29,AFR,GWD,"Gambian in Western Division, The Gambia",female
HG02620,GB31,AFR,GWD,"Gambian in Western Division, The Gambia",male
HG02621,GB31,AFR,GWD,"Gambian in Western Division, The Gambia",female
HG02623,GB32,AFR,GWD,"Gambian in Western Division, The Gambia",male
HG02624,GB32,AFR,GWD,"Gambian in Western Division, The Gambia",female
HG02628,GB33,AFR,GWD,"Gambian in Western Division, The Gambia",male
HG02629,GB33,AFR,GWD,"Gambian in Western Division, The Gambia",female
HG02634,GB35,AFR,GWD,"Gambian in Western Division, The Gambia",male
HG02635,GB35,AFR,GWD,"Gambian in Western Division, The Gambia",female
HG02642,GB37,AFR,GWD,"Gambian in Western Division, The Gambia",male
HG02643,GB37,AFR,GWD,"Gambian in Western Division, The Gambia",female
HG02645,GB38,AFR,GWD,"Gambian in Western Division, The Gambia",male
HG02646,GB38,AFR,GWD,"Gambian in Western Division, The Gambia",female
HG02666,GB40,AFR,GWD,"Gambian in Western Division, The Gambia",male
HG02667,GB40,AFR,GWD,"Gambian in Western Division, The Gambia",female
HG02675,GB43,AFR,GWD,"Gambian in Western Division, The Gambia",male
HG02676,GB43,AFR,GWD,"Gambian in Western Division, The Gambia",female
HG02678,GB44,AFR,GWD,"Gambian in Western Division, The Gambia",male
HG02679,GB44,AFR,GWD,"Gambian in Western Division, The Gambia",female
HG02702,GB45,AFR,GWD,"Gambian in Western Division, The Gambia",male
HG02703,GB45,AFR,GWD,"Gambian in Western Division, The Gambia",female
HG02715,GB50,AFR,GWD,"Gambian in Western Division, The Gambia",male
HG02716,GB50,AFR,GWD,"Gambian in Western Division, The Gambia",female
HG02721,GB52,AFR,GWD,"Gambian in Western Division, The Gambia",male
HG02722,GB52,AFR,GWD,"Gambian in Western Division, The Gambia",female
HG02756,GB53,AFR,GWD,"Gambian in Western Division, The Gambia",male
HG02757,GB53,AFR,GWD,"Gambian in Western Division, The Gambia",female
HG02759,GB54,AFR,GWD,"Gambian in Western Division, The Gambia",male
HG02760,GB54,AFR,GWD,"Gambian in Western Division, The Gambia",female
HG02763,GB55,AFR,GWD,"Gambian in Western Division, The Gambia",female
HG02768,GB57,AFR,GWD,"Gambian in Western Division, The Gambia",male
HG02769,GB57,AFR,GWD,"Gambian in Western Division, The Gambia",female
HG02771,GB58,AFR,GWD,"Gambian in Western Division, The Gambia",male
HG02772,GB58,AFR,GWD,"Gambian in Western Division, The Gambia",female
HG02798,GB60,AFR,GWD,"Gambian in Western Division, The Gambia",male
HG02799,GB60,AFR,GWD,"Gambian in Western Division, The Gambia",female
HG02804,GB62,AFR,GWD,"Gambian in Western Division, The Gambia",male
HG02805,GB62,AFR,GWD,"Gambian in Western Division, The Gambia",female
HG02807,GB63,AFR,GWD,"Gambian in Western Division, The Gambia",male
HG02808,GB63,AFR,GWD,"Gambian in Western Division, The Gambia",female
HG02810,GB64,AFR,GWD,"Gambian in Western Division, The Gambia",male
HG02811,GB64,AFR,GWD,"Gambian in Western Division, The Gambia",female
HG02813,GB65,AFR,GWD,"Gambian in Western Division, The Gambia",male
HG02814,GB65,AFR,GWD,"Gambian in Western Division, The Gambia",female
HG02816,GB66,AFR,GWD,"Gambian in Western Division, The Gambia",male
HG02817,GB66,AFR,GWD,"Gambian in Western Division, The Gambia",female
HG02819,GB67,AFR,GWD,"Gambian in Western Division, The Gambia",male
HG02820,GB67,AFR,GWD,"Gambian in Western Division, The Gambia",female
HG02836,GB73,AFR,GWD,"Gambian in Western Division, The Gambia",male
HG02837,GB73,AFR,GWD,"Gambian in Western Division, The Gambia",female
HG02839,GB74,AFR,GWD,"Gambian in Western Division, The Gambia",male
HG02840,GB74,AFR,GWD,"Gambian in Western Division, The Gambia",female
HG02851,GB78,AFR,GWD,"Gambian in Western Division, The Gambia",male
HG02852,GB78,AFR,GWD,"Gambian in Western Division, The Gambia",female
HG02854,GB79,AFR,GWD,"Gambian in Western Division, The Gambia",male
HG02855,GB79,AFR,GWD,"Gambian in Western Division, The Gambia",female
HG02860,GB81,AFR,GWD,"Gambian in Western Division, The Gambia",male
HG02861,GB81,AFR,GWD,"Gambian in Western Division, The Gambia",female
HG02870,GB84,AFR,GWD,"Gambian in Western Division, The Gambia",female
HG02878,GB87,AFR,GWD,"Gambian in Western Division, The Gambia",male
HG02879,GB87,AFR,GWD,"Gambian in Western Division, The Gambia",female
HG02881,GB88,AFR,GWD,"Gambian in Western Division, The Gambia",male
HG02882,GB88,AFR,GWD,"Gambian in Western Division, The Gambia",female
HG02884,GB89,AFR,GWD,"Gambian in Western Division, The Gambia",male
HG02885,GB89,AFR,GWD,"Gambian in Western Division, The Gambia",female
HG02887,GB90,AFR,GWD,"Gambian in Western Division, The Gambia",male
HG02888,GB90,AFR,GWD,"Gambian in Western Division, The Gambia",female
HG02890,GB91,AFR,GWD,"Gambian in Western Division, The Gambia",male
HG02891,GB91,AFR,GWD,"Gambian in Western Division, The Gambia",female
HG02895,GB93,AFR,GWD,"Gambian in Western Division, The Gambia",male
HG02896,GB93,AFR,GWD,"Gambian in Western Division, The Gambia",female
HG02922,NG06,AFR,ESN,"Esan in Nigeria",female
HG02923,NG06,AFR,ESN,"Esan in Nigeria",male
HG02938,NG11,AFR,ESN,"Esan in Nigeria",male
HG02941,NG12,AFR,ESN,"Esan in Nigeria",male
HG02943,NG13,AFR,ESN,"Esan in Nigeria",female
HG02944,NG13,AFR,ESN,"Esan in Nigeria",male
HG02946,NG14,AFR,ESN,"Esan in Nigeria",female
HG02947,NG14,AFR,ESN,"Esan in Nigeria",male
HG02952,NG16,AFR,ESN,"Esan in Nigeria",female
HG02953,NG16,AFR,ESN,"Esan in Nigeria",male
HG02968,NG21,AFR,ESN,"Esan in Nigeria",male
HG02970,NG22,AFR,ESN,"Esan in Nigeria",female
HG02971,NG22,AFR,ESN,"Esan in Nigeria",male
HG02973,NG23,AFR,ESN,"Esan in Nigeria",male
HG02974,NG23,AFR,ESN,"Esan in Nigeria",female
HG02976,NG24,AFR,ESN,"Esan in Nigeria",female
HG02977,NG24,AFR,ESN,"Esan in Nigeria",male
HG02979,NG25,AFR,ESN,"Esan in Nigeria",female
HG02981,NG25,AFR,ESN,"Esan in Nigeria",male
HG02982,GB97,AFR,GWD,"Gambian in Western Division, The Gambia",male
HG02983,GB97,AFR,GWD,"Gambian in Western Division, The Gambia",female
HG03024,GB105,AFR,GWD,"Gambian in Western Division, The Gambia",male
HG03025,GB105,AFR,GWD,"Gambian in Western Division, The Gambia",female
HG03027,GB106,AFR,GWD,"Gambian in Western Division, The Gambia",male
HG03028,GB106,AFR,GWD,"Gambian in Western Division, The Gambia",female
HG03039,GB110,AFR,GWD,"Gambian in Western Division, The Gambia",male
HG03040,GB110,AFR,GWD,"Gambian in Western Division, The Gambia",female
HG03045,GB112,AFR,GWD,"Gambian in Western Division, The Gambia",male
HG03046,GB112,AFR,GWD,"Gambian in Western Division, The Gambia",female
HG03048,GB113,AFR,GWD,"Gambian in Western Division, The Gambia",male
HG03049,GB113,AFR,GWD,"Gambian in Western Division, The Gambia",female
HG03052,SL01,AFR,MSL,"Mende in Sierra Leone",female
HG03054,SL02,AFR,MSL,"Mende in Sierra Leone",male
HG03055,SL02,AFR,MSL,"Mende in Sierra Leone",female
HG03057,HG03057,AFR,MSL,"Mende in Sierra Leone",male
HG03058,SL03,AFR,MSL,"Mende in Sierra Leone",female
HG03060,HG03060,AFR,MSL,"Mende in Sierra Leone",male
HG03061,SL04,AFR,MSL,"Mende in Sierra Leone",female
HG03063,SL05,AFR,MSL,"Mende in Sierra Leone",male
HG03064,SL05,AFR,MSL,"Mende in Sierra Leone",female
HG03066,SL06,AFR,MSL,"Mende in Sierra Leone",male
HG03069,SL07,AFR,MSL,"Mende in Sierra Leone",male
HG03072,SL08,AFR,MSL,"Mende in Sierra Leone",male
HG03073,SL08,AFR,MSL,"Mende in Sierra Leone",female
HG03074,HG03074,AFR,MSL,"Mende in Sierra Leone",male
HG03076,SL09,AFR,MSL,"Mende in Sierra Leone",female
HG03077,HG03077,AFR,MSL,"Mende in Sierra Leone",male
HG03078,HG03078,AFR,MSL,"Mende in Sierra Leone",male
HG03079,SL10,AFR,MSL,"Mende in Sierra Leone",female
HG03081,SL11,AFR,MSL,"Mende in Sierra Leone",male
HG03082,SL11,AFR,MSL,"Mende in Sierra Leone",female
HG03084,HG03084,AFR,MSL,"Mende in Sierra Leone",male
HG03085,HG03085,AFR,MSL,"Mende in Sierra Leone",female
HG03086,HG03086,AFR,MSL,"Mende in Sierra Leone",female
HG03088,SL13,AFR,MSL,"Mende in Sierra Leone",female
HG03091,SL14,AFR,MSL,"Mende in Sierra Leone",female
HG03095,SL15,AFR,MSL,"Mende in Sierra Leone",female
HG03096,SL16,AFR,MSL,"Mende in Sierra Leone",male
HG03097,SL16,AFR,MSL,"Mende in Sierra Leone",female
HG03099,NG26,AFR,ESN,"Esan in Nigeria",female
HG03100,NG26,AFR,ESN,"Esan in Nigeria",male
HG03103,NG27,AFR,ESN,"Esan in Nigeria",male
HG03105,NG28,AFR,ESN,"Esan in Nigeria",female
HG03108,NG29,AFR,ESN,"Esan in Nigeria",female
HG03109,NG29,AFR,ESN,"Esan in Nigeria",male
HG03111,NG30,AFR,ESN,"Esan in Nigeria",female
HG03112,NG30,AFR,ESN,"Esan in Nigeria",male
HG03114,NG31,AFR,ESN,"Esan in Nigeria",female
HG03115,NG31,AFR,ESN,"Esan in Nigeria",male
HG03117,NG32,AFR,ESN,"Esan in Nigeria",female
HG03118,NG32,AFR,ESN,"Esan in Nigeria",male
HG03120,NG33,AFR,ESN,"Esan in Nigeria",male
HG03121,NG33,AFR,ESN,"Esan in Nigeria",female
HG03123,NG34,AFR,ESN,"Esan in Nigeria",female
HG03124,NG34,AFR,ESN,"Esan in Nigeria",male
HG03126,NG35,AFR,ESN,"Esan in Nigeria",female
HG03127,NG35,AFR,ESN,"Esan in Nigeria",male
HG03129,NG36,AFR,ESN,"Esan in Nigeria",female
HG03130,NG36,AFR,ESN,"Esan in Nigeria",male
HG03132,NG37,AFR,ESN,"Esan in Nigeria",female
HG03133,NG37,AFR,ESN,"Esan in Nigeria",male
HG03135,NG38,AFR,ESN,"Esan in Nigeria",female
HG03136,NG38,AFR,ESN,"Esan in Nigeria",male
HG03139,NG39,AFR,ESN,"Esan in Nigeria",male
HG03157,NG45,AFR,ESN,"Esan in Nigeria",male
HG03159,NG46,AFR,ESN,"Esan in Nigeria",female
HG03160,NG46,AFR,ESN,"Esan in Nigeria",male
HG03162,NG47,AFR,ESN,"Esan in Nigeria",female
HG03163,NG47,AFR,ESN,"Esan in Nigeria",male
HG03166,NG48,AFR,ESN,"Esan in Nigeria",male
HG03168,NG49,AFR,ESN,"Esan in Nigeria",female
HG03169,NG49,AFR,ESN,"Esan in Nigeria",male
HG03171,HG03171,AFR,ESN,"Esan in Nigeria",female
HG03172,NG50,AFR,ESN,"Esan in Nigeria",male
HG03175,NG51,AFR,ESN,"Esan in Nigeria",male
HG03189,NG56,AFR,ESN,"Esan in Nigeria",female
HG03190,NG56,AFR,ESN,"Esan in Nigeria",male
HG03193,NG57,AFR,ESN,"Esan in Nigeria",male
HG03195,NG58,AFR,ESN,"Esan in Nigeria",female
HG03196,NG58,AFR,ESN,"Esan in Nigeria",male
HG03198,NG59,AFR,ESN,"Esan in Nigeria",female
HG03199,NG59,AFR,ESN,"Esan in Nigeria",male
HG03202,NG60,AFR,ESN,"Esan in Nigeria",male
HG03209,SL17,AFR,MSL,"Mende in Sierra Leone",male
HG03212,SL18,AFR,MSL,"Mende in Sierra Leone",female
HG03224,SL22,AFR,MSL,"Mende in Sierra Leone",male
HG03225,SL23,AFR,MSL,"Mende in Sierra Leone",male
HG03240,GB114,AFR,GWD,"Gambian in Western Division, The Gambia",male
HG03241,GB114,AFR,GWD,"Gambian in Western Division, The Gambia",female
HG03246,GB116,AFR,GWD,"Gambian in Western Division, The Gambia",male
HG03247,GB116,AFR,GWD,"Gambian in Western Division, The Gambia",female
HG03258,GB120,AFR,GWD,"Gambian in Western Division, The Gambia",male
HG03259,GB120,AFR,GWD,"Gambian in Western Division, The Gambia",female
HG03265,NG63,AFR,ESN,"Esan in Nigeria",male
HG03267,NG64,AFR,ESN,"Esan in Nigeria",female
HG03268,NG64,AFR,ESN,"Esan in Nigeria",male
HG03270,NG65,AFR,ESN,"Esan in Nigeria",female
HG03271,NG65,AFR,ESN,"Esan in Nigeria",male
HG03279,NG68,AFR,ESN,"Esan in Nigeria",female
HG03280,NG68,AFR,ESN,"Esan in Nigeria",male
HG03291,NG72,AFR,ESN,"Esan in Nigeria",female
HG03294,NG73,AFR,ESN,"Esan in Nigeria",female
HG03295,NG73,AFR,ESN,"Esan in Nigeria",male
HG03297,NG74,AFR,ESN,"Esan in Nigeria",female
HG03298,NG74,AFR,ESN,"Esan in Nigeria",male
HG03300,NG75,AFR,ESN,"Esan in Nigeria",female
HG03301,NG75,AFR,ESN,"Esan in Nigeria",male
HG03303,NG76,AFR,ESN,"Esan in Nigeria",female
HG03304,NG76,AFR,ESN,"Esan in Nigeria",male
HG03311,NG78,AFR,ESN,"Esan in Nigeria",male
HG03313,NG79,AFR,ESN,"Esan in Nigeria",male
HG03342,NG89,AFR,ESN,"Esan in Nigeria",female
HG03343,NG89,AFR,ESN,"Esan in Nigeria",male
HG03351,NG92,AFR,ESN,"Esan in Nigeria",female
HG03352,NG92,AFR,ESN,"Esan in Nigeria",male
HG03354,NG93,AFR,ESN,"Esan in Nigeria",female
HG03363,NG96,AFR,ESN,"Esan in Nigeria",female
HG03366,NG97,AFR,ESN,"Esan in Nigeria",female
HG03367,NG97,AFR,ESN,"Esan in Nigeria",male
HG03369,NG98,AFR,ESN,"Esan in Nigeria",female
HG03370,NG98,AFR,ESN,"Esan in Nigeria",male
HG03372,NG99,AFR,ESN,"Esan in Nigeria",female
HG03376,SL24,AFR,MSL,"Mende in Sierra Leone",male
HG03378,HG03378,AFR,MSL,"Mende in Sierra Leone",female
HG03380,SL25,AFR,MSL,"Mende in Sierra Leone",female
HG03382,SL26,AFR,MSL,"Mende in Sierra Leone",male
HG03385,SL27,AFR,MSL,"Mende in Sierra Leone",male
HG03388,SL28,AFR,MSL,"Mende in Sierra Leone",male
HG03391,SL29,AFR,MSL,"Mende in Sierra Leone",male
HG03394,SL30,AFR,MSL,"Mende in Sierra Leone",male
HG03397,HG03397,AFR,MSL,"Mende in Sierra Leone",male
HG03401,SL32,AFR,MSL,"Mende in Sierra Leone",female
HG03410,SL35,AFR,MSL,"Mende in Sierra Leone",female
HG03419,SL38,AFR,MSL,"Mende in Sierra Leone",female
HG03428,SL42,AFR,MSL,"Mende in Sierra Leone",female
HG03432,HG03432,AFR,MSL,"Mende in Sierra Leone",male
HG03433,HG03433,AFR,MSL,"Mende in Sierra Leone",male
HG03436,HG03436,AFR,MSL,"Mende in Sierra Leone",male
HG03437,HG03437,AFR,MSL,"Mende in Sierra Leone",female
HG03439,SL46,AFR,MSL,"Mende in Sierra Leone",male
HG03442,HG03442,AFR,MSL,"Mende in Sierra Leone",male
HG03445,HG03445,AFR,MSL,"Mende in Sierra Leone",male
HG03446,HG03446,AFR,MSL,"Mende in Sierra Leone",female
HG03449,SL49,AFR,MSL,"Mende in Sierra Leone",female
HG03451,SL50,AFR,MSL,"Mende in Sierra Leone",male
HG03452,SL50,AFR,MSL,"Mende in Sierra Leone",female
HG03455,SL51,AFR,MSL,"Mende in Sierra Leone",female
HG03457,HG03457,AFR,MSL,"Mende in Sierra Leone",male
HG03458,SL52,AFR,MSL,"Mende in Sierra Leone",female
HG03460,HG03460,AFR,MSL,"Mende in Sierra Leone",male
HG03461,HG03461,AFR,MSL,"Mende in Sierra Leone",female
HG03464,SL54,AFR,MSL,"Mende in Sierra Leone",female
HG03469,SL56i,AFR,MSL,"Mende in Sierra Leone",male
HG03470,SL56,AFR,MSL,"Mende in Sierra Leone",female
HG03472,HG03472,AFR,MSL,"Mende in Sierra Leone",male
HG03473,SL57,AFR,MSL,"Mende in Sierra Leone",female
HG03476,SL58,AFR,MSL,"Mende in Sierra Leone",female
HG03478,SL59,AFR,MSL,"Mende in Sierra Leone",male
HG03479,SL59,AFR,MSL,"Mende in Sierra Leone",female
HG03484,SL61,AFR,MSL,"Mende in Sierra Leone",male
HG03485,SL61,AFR,MSL,"Mende in Sierra Leone",female
HG03499,NG102,AFR,ESN,"Esan in Nigeria",female
HG03511,NG106,AFR,ESN,"Esan in Nigeria",female
HG03514,NG107,AFR,ESN,"Esan in Nigeria",female
HG03515,NG107,AFR,ESN,"Esan in Nigeria",male
HG03517,NG108,AFR,ESN,"Esan in Nigeria",female
HG03518,NG108,AFR,ESN,"Esan in Nigeria",male
HG03520,NG109,AFR,ESN,"Esan in Nigeria",female
HG03521,NG109,AFR,ESN,"Esan in Nigeria",male
HG03538,GB125,AFR,GWD,"Gambian in Western Division, The Gambia",male
HG03539,GB125,AFR,GWD,"Gambian in Western Division, The Gambia",female
HG03547,HG03547,AFR,MSL,"Mende in Sierra Leone",male
HG03548,HG03548,AFR,MSL,"Mende in Sierra Leone",female
HG03556,HG03556,AFR,MSL,"Mende in Sierra Leone",male
HG03557,HG03557,AFR,MSL,"Mende in Sierra Leone",female
HG03558,HG03558,AFR,MSL,"Mende in Sierra Leone",female
HG03559,SL66,AFR,MSL,"Mende in Sierra Leone",male
HG03563,SL67,AFR,MSL,"Mende in Sierra Leone",female
HG03565,HG03565,AFR,MSL,"Mende in Sierra Leone",male
HG03567,HG03567,AFR,MSL,"Mende in Sierra Leone",female
HG03571,SL70,AFR,MSL,"Mende in Sierra Leone",male
HG03572,SL70,AFR,MSL,"Mende in Sierra Leone",female
HG03575,SL71,AFR,MSL,"Mende in Sierra Leone",female
HG03577,SL72,AFR,MSL,"Mende in Sierra Leone",male
HG03578,SL72,AFR,MSL,"Mende in Sierra Leone",female
HG03582,SL73,AFR,MSL,"Mende in Sierra Leone",male
HG03583,SL73,AFR,MSL,"Mende in Sierra Leone",female
NA18486,Y001,AFR,YRI,"Yoruba in Ibadan, Nigeria",male
NA18487,Y002,AFR,YRI,"Yoruba in Ibadan, Nigeria",male
NA18488,Y001,AFR,YRI,"Yoruba in Ibadan, Nigeria",female
NA18489,Y002,AFR,YRI,"Yoruba in Ibadan, Nigeria",female
NA18498,Y003,AFR,YRI,"Yoruba in Ibadan, Nigeria",male
NA18499,Y003,AFR,YRI,"Yoruba in Ibadan, Nigeria",female
NA18501,Y004,AFR,YRI,"Yoruba in Ibadan, Nigeria",male
NA18502,Y004,AFR,YRI,"Yoruba in Ibadan, Nigeria",female
NA18504,Y005,AFR,YRI,"Yoruba in Ibadan, Nigeria",male
NA18505,Y005,AFR,YRI,"Yoruba in Ibadan, Nigeria",female
NA18507,Y009,AFR,YRI,"Yoruba in Ibadan, Nigeria",male
NA18508,Y009,AFR,YRI,"Yoruba in Ibadan, Nigeria",female
NA18510,Y010a,AFR,YRI,"Yoruba in Ibadan, Nigeria",male
NA18511,Y010,AFR,YRI,"Yoruba in Ibadan, Nigeria",female
NA18516,Y013,AFR,YRI,"Yoruba in Ibadan, Nigeria",male
NA18517,Y013,AFR,YRI,"Yoruba in Ibadan, Nigeria",female
NA18519,Y014,AFR,YRI,"Yoruba in Ibadan, Nigeria",male
NA18520,Y014,AFR,YRI,"Yoruba in Ibadan, Nigeria",female
NA18522,Y016,AFR,YRI,"Yoruba in Ibadan, Nigeria",male
NA18523,Y016,AFR,YRI,"Yoruba in Ibadan, Nigeria",female
NA18853,Y018,AFR,YRI,"Yoruba in Ibadan, Nigeria",male
NA18856,Y023,AFR,YRI,"Yoruba in Ibadan, Nigeria",male
NA18858,Y012,AFR,YRI,"Yoruba in Ibadan, Nigeria",female
NA18861,Y024,AFR,YRI,"Yoruba in Ibadan, Nigeria",female
NA18864,Y026,AFR,YRI,"Yoruba in Ibadan, Nigeria",female
NA18865,Y026,AFR,YRI,"Yoruba in Ibadan, Nigeria",male
NA18867,Y007,AFR,YRI,"Yoruba in Ibadan, Nigeria",female
NA18868,Y007,AFR,YRI,"Yoruba in Ibadan, Nigeria",male
NA18870,Y017,AFR,YRI,"Yoruba in Ibadan, Nigeria",female
NA18871,Y017,AFR,YRI,"Yoruba in Ibadan, Nigeria",male
NA18873,Y019,AFR,YRI,"Yoruba in Ibadan, Nigeria",female
NA18874,Y019,AFR,YRI,"Yoruba in Ibadan, Nigeria",male
NA18876,Y020,AFR,YRI,"Yoruba in Ibadan, Nigeria",female
NA18877,Y020,AFR,YRI,"Yoruba in Ibadan, Nigeria",male
NA18878,Y021,AFR,YRI,"Yoruba in Ibadan, Nigeria",female
NA18879,Y021,AFR,YRI,"Yoruba in Ibadan, Nigeria",male
NA18881,Y022,AFR,YRI,"Yoruba in Ibadan, Nigeria",female
NA18907,Y025,AFR,YRI,"Yoruba in Ibadan, Nigeria",female
NA18908,Y025a,AFR,YRI,"Yoruba in Ibadan, Nigeria",male
NA18909,Y027,AFR,YRI,"Yoruba in Ibadan, Nigeria",female
NA18910,Y027,AFR,YRI,"Yoruba in Ibadan, Nigeria",male
NA18912,Y028,AFR,YRI,"Yoruba in Ibadan, Nigeria",female
NA18915,Y029,AFR,YRI,"Yoruba in Ibadan, Nigeria",male
NA18916,Y030,AFR,YRI,"Yoruba in Ibadan, Nigeria",female
NA18917,Y030,AFR,YRI,"Yoruba in Ibadan, Nigeria",male
NA18923,Y033,AFR,YRI,"Yoruba in Ibadan, Nigeria",male
NA18924,Y033,AFR,YRI,"Yoruba in Ibadan, Nigeria",female
NA18933,Y036,AFR,YRI,"Yoruba in Ibadan, Nigeria",female
NA18934,Y036,AFR,YRI,"Yoruba in Ibadan, Nigeria",male
NA19017,NA19017,AFR,LWK,"Luhya in Webuye, Kenya",female
NA19019,NA19019,AFR,LWK,"Luhya in Webuye, Kenya",female
NA19020,NA19020,AFR,LWK,"Luhya in Webuye, Kenya",male
NA19023,NA19023,AFR,LWK,"Luhya in Webuye, Kenya",female
NA19024,NA19024,AFR,LWK,"Luhya in Webuye, Kenya",female
NA19025,NA19025,AFR,LWK,"Luhya in Webuye, Kenya",male
NA19026,NA19026,AFR,LWK,"Luhya in Webuye, Kenya",male
NA19027,NA19027,AFR,LWK,"Luhya in Webuye, Kenya",male
NA19028,NA19028,AFR,LWK,"Luhya in Webuye, Kenya",male
NA19030,NA19030,AFR,LWK,"Luhya in Webuye, Kenya",female
NA19031,NA19031,AFR,LWK,"Luhya in Webuye, Kenya",male
NA19035,NA19035,AFR,LWK,"Luhya in Webuye, Kenya",male
NA19036,NA19036,AFR,LWK,"Luhya in Webuye, Kenya",female
NA19037,NA19037,AFR,LWK,"Luhya in Webuye, Kenya",female
NA19038,NA19038,AFR,LWK,"Luhya in Webuye, Kenya",female
NA19041,NA19041,AFR,LWK,"Luhya in Webuye, Kenya",male
NA19042,NA19042,AFR,LWK,"Luhya in Webuye, Kenya",female
NA19043,NA19043,AFR,LWK,"Luhya in Webuye, Kenya",male
NA19044,NA19044,AFR,LWK,"Luhya in Webuye, Kenya",male
NA19046,NA19046,AFR,LWK,"Luhya in Webuye, Kenya",male
NA19092,Y040,AFR,YRI,"Yoruba in Ibadan, Nigeria",male
NA19093,Y040,AFR,YRI,"Yoruba in Ibadan, Nigeria",female
NA19095,Y041,AFR,YRI,"Yoruba in Ibadan, Nigeria",female
NA19096,Y041,AFR,YRI,"Yoruba in Ibadan, Nigeria",male
NA19098,Y105,AFR,YRI,"Yoruba in Ibadan, Nigeria",male
NA19099,Y105,AFR,YRI,"Yoruba in Ibadan, Nigeria",female
NA19102,Y042,AFR,YRI,"Yoruba in Ibadan, Nigeria",female
NA19107,Y006,AFR,YRI,"Yoruba in Ibadan, Nigeria",male
NA19108,Y006,AFR,YRI,"Yoruba in Ibadan, Nigeria",female
NA19113,Y079,AFR,YRI,"Yoruba in Ibadan, Nigeria",male
NA19114,Y079,AFR,YRI,"Yoruba in Ibadan, Nigeria",female
NA19116,Y060,AFR,YRI,"Yoruba in Ibadan, Nigeria",female
NA19117,Y100,AFR,YRI,"Yoruba in Ibadan, Nigeria",male
NA19118,Y100,AFR,YRI,"Yoruba in Ibadan, Nigeria",female
NA19119,Y060,AFR,YRI,"Yoruba in Ibadan, Nigeria",male
NA19121,Y061,AFR,YRI,"Yoruba in Ibadan, Nigeria",male
NA19129,Y077,AFR,YRI,"Yoruba in Ibadan, Nigeria",female
NA19130,Y101,AFR,YRI,"Yoruba in Ibadan, Nigeria",male
NA19131,Y101,AFR,YRI,"Yoruba in Ibadan, Nigeria",female
NA19137,Y043,AFR,YRI,"Yoruba in Ibadan, Nigeria",female
NA19138,Y043,AFR,YRI,"Yoruba in Ibadan, Nigeria",male
NA19141,Y071,AFR,YRI,"Yoruba in Ibadan, Nigeria",male
NA19143,Y074,AFR,YRI,"Yoruba in Ibadan, Nigeria",female
NA19144,Y074,AFR,YRI,"Yoruba in Ibadan, Nigeria",male
NA19146,Y075,AFR,YRI,"Yoruba in Ibadan, Nigeria",male
NA19147,Y075,AFR,YRI,"Yoruba in Ibadan, Nigeria",female
NA19149,Y073,AFR,YRI,"Yoruba in Ibadan, Nigeria",female
NA19150,Y073,AFR,YRI,"Yoruba in Ibadan, Nigeria",male
NA19152,Y072,AFR,YRI,"Yoruba in Ibadan, Nigeria",female
NA19153,Y072,AFR,YRI,"Yoruba in Ibadan, Nigeria",male
NA19159,Y056,AFR,YRI,"Yoruba in Ibadan, Nigeria",female
NA19160,Y056,AFR,YRI,"Yoruba in Ibadan, Nigeria",male
NA19171,Y047,AFR,YRI,"Yoruba in Ibadan, Nigeria",male
NA19172,Y047,AFR,YRI,"Yoruba in Ibadan, Nigeria",female
NA19175,Y044,AFR,YRI,"Yoruba in Ibadan, Nigeria",male
NA19184,Y039,AFR,YRI,"Yoruba in Ibadan, Nigeria",male
NA19185,Y039,AFR,YRI,"Yoruba in Ibadan, Nigeria",female
NA19189,Y111,AFR,YRI,"Yoruba in Ibadan, Nigeria",male
NA19190,Y111,AFR,YRI,"Yoruba in Ibadan, Nigeria",female
NA19197,Y035,AFR,YRI,"Yoruba in Ibadan, Nigeria",female
NA19198,Y035,AFR,YRI,"Yoruba in Ibadan, Nigeria",male
NA19200,Y045,AFR,YRI,"Yoruba in Ibadan, Nigeria",male
NA19201,Y045,AFR,YRI,"Yoruba in Ibadan, Nigeria",female
NA19204,Y048,AFR,YRI,"Yoruba in Ibadan, Nigeria",female
NA19206,Y051,AFR,YRI,"Yoruba in Ibadan, Nigeria",female
NA19207,Y051,AFR,YRI,"Yoruba in Ibadan, Nigeria",male
NA19209,Y050,AFR,YRI,"Yoruba in Ibadan, Nigeria",female
NA19210,Y050,AFR,YRI,"Yoruba in Ibadan, Nigeria",male
NA19213,Y110,AFR,YRI,"Yoruba in Ibadan, Nigeria",male
NA19214,Y110,AFR,YRI,"Yoruba in Ibadan, Nigeria",female
NA19222,Y058,AFR,YRI,"Yoruba in Ibadan, Nigeria",female
NA19223,Y058,AFR,YRI,"Yoruba in Ibadan, Nigeria",male
NA19225,Y057,AFR,YRI,"Yoruba in Ibadan, Nigeria",female
NA19235,Y116,AFR,YRI,"Yoruba in Ibadan, Nigeria",female
NA19236,Y116,AFR,YRI,"Yoruba in Ibadan, Nigeria",male
NA19238,Y117,AFR,YRI,"Yoruba in Ibadan, Nigeria",female
NA19239,Y117,AFR,YRI,"Yoruba in Ibadan, Nigeria",male
NA19240,Y117,AFR,YRI,"Yoruba in Ibadan, Nigeria",female
NA19247,Y120,AFR,YRI,"Yoruba in Ibadan, Nigeria",female
NA19248,Y120,AFR,YRI,"Yoruba in Ibadan, Nigeria",male
NA19256,Y092,AFR,YRI,"Yoruba in Ibadan, Nigeria",male
NA19257,Y092,AFR,YRI,"Yoruba in Ibadan, Nigeria",female
NA19307,NA19307,AFR,LWK,"Luhya in Webuye, Kenya",male
NA19308,NA19308,AFR,LWK,"Luhya in Webuye, Kenya",male
NA19309,NA19309,AFR,LWK,"Luhya in Webuye, Kenya",male
NA19310,NA19310,AFR,LWK,"Luhya in Webuye, Kenya",female
NA19311,NA19311,AFR,LWK,"Luhya in Webuye, Kenya",male
NA19312,NA19312,AFR,LWK,"Luhya in Webuye, Kenya",male
NA19313,LWK001,AFR,LWK,"Luhya in Webuye, Kenya",female
NA19314,NA19314,AFR,LWK,"Luhya in Webuye, Kenya",female
NA19315,NA19315,AFR,LWK,"Luhya in Webuye, Kenya",female
NA19316,NA19316,AFR,LWK,"Luhya in Webuye, Kenya",female
NA19317,NA19317,AFR,LWK,"Luhya in Webuye, Kenya",male
NA19318,NA19318,AFR,LWK,"Luhya in Webuye, Kenya",male
NA19319,NA19319,AFR,LWK,"Luhya in Webuye, Kenya",male
NA19320,NA19320,AFR,LWK,"Luhya in Webuye, Kenya",female
NA19321,NA19321,AFR,LWK,"Luhya in Webuye, Kenya",female
NA19323,NA19323,AFR,LWK,"Luhya in Webuye, Kenya",female
NA19324,NA19324,AFR,LWK,"Luhya in Webuye, Kenya",female
NA19327,NA19327,AFR,LWK,"Luhya in Webuye, Kenya",female
NA19328,NA19328,AFR,LWK,"Luhya in Webuye, Kenya",female
NA19331,LWK001,AFR,LWK,"Luhya in Webuye, Kenya",male
NA19332,NA19332,AFR,LWK,"Luhya in Webuye, Kenya",female
NA19334,NA19334,AFR,LWK,"Luhya in Webuye, Kenya",male
NA19338,NA19338,AFR,LWK,"Luhya in Webuye, Kenya",female
NA19346,NA19346,AFR,LWK,"Luhya in Webuye, Kenya",male
NA19347,NA19347,AFR,LWK,"Luhya in Webuye, Kenya",male
NA19350,NA19350,AFR,LWK,"Luhya in Webuye, Kenya",male
NA19351,NA19351,AFR,LWK,"Luhya in Webuye, Kenya",female
NA19352,NA19352,AFR,LWK,"Luhya in Webuye, Kenya",male
NA19355,NA19355,AFR,LWK,"Luhya in Webuye, Kenya",female
NA19359,NA19359,AFR,LWK,"Luhya in Webuye, Kenya",male
NA19360,NA19360,AFR,LWK,"Luhya in Webuye, Kenya",male
NA19371,NA19371,AFR,LWK,"Luhya in Webuye, Kenya",male
NA19372,NA19372,AFR,LWK,"Luhya in Webuye, Kenya",male
NA19373,NA19373,AFR,LWK,"Luhya in Webuye, Kenya",male
NA19374,NA19374,AFR,LWK,"Luhya in Webuye, Kenya",male
NA19375,NA19375,AFR,LWK,"Luhya in Webuye, Kenya",male
NA19376,NA19376,AFR,LWK,"Luhya in Webuye, Kenya",male
NA19377,NA19377,AFR,LWK,"Luhya in Webuye, Kenya",female
NA19378,NA19378,AFR,LWK,"Luhya in Webuye, Kenya",female
NA19379,NA19379,AFR,LWK,"Luhya in Webuye, Kenya",female
NA19380,NA19380,AFR,LWK,"Luhya in Webuye, Kenya",male
NA19381,LWK002,AFR,LWK,"Luhya in Webuye, Kenya",female
NA19382,LWK002,AFR,LWK,"Luhya in Webuye, Kenya",male
NA19383,NA19383,AFR,LWK,"Luhya in Webuye, Kenya",male
NA19384,NA19384,AFR,LWK,"Luhya in Webuye, Kenya",male
NA19385,NA19385,AFR,LWK,"Luhya in Webuye, Kenya",male
NA19390,NA19390,AFR,LWK,"Luhya in Webuye, Kenya",female
NA19391,NA19391,AFR,LWK,"Luhya in Webuye, Kenya",female
NA19393,NA19393,AFR,LWK,"Luhya in Webuye, Kenya",male
NA19394,NA19394,AFR,LWK,"Luhya in Webuye, Kenya",male
NA19395,NA19395,AFR,LWK,"Luhya in Webuye, Kenya",female
NA19396,NA19396,AFR,LWK,"Luhya in Webuye, Kenya",female
NA19397,NA19397,AFR,LWK,"Luhya in Webuye, Kenya",male
NA19398,NA19398,AFR,LWK,"Luhya in Webuye, Kenya",female
NA19399,NA19399,AFR,LWK,"Luhya in Webuye, Kenya",female
NA19401,NA19401,AFR,LWK,"Luhya in Webuye, Kenya",female
NA19403,NA19403,AFR,LWK,"Luhya in Webuye, Kenya",female
NA19404,NA19404,AFR,LWK,"Luhya in Webuye, Kenya",female
NA19428,NA19428,AFR,LWK,"Luhya in Webuye, Kenya",male
NA19429,NA19429,AFR,LWK,"Luhya in Webuye, Kenya",male
NA19430,NA19430,AFR,LWK,"Luhya in Webuye, Kenya",male
NA19431,NA19431,AFR,LWK,"Luhya in Webuye, Kenya",female
NA19434,LWK003,AFR,LWK,"Luhya in Webuye, Kenya",female
NA19435,NA19435,AFR,LWK,"Luhya in Webuye, Kenya",female
NA19436,NA19436,AFR,LWK,"Luhya in Webuye, Kenya",female
NA19437,NA19437,AFR,LWK,"Luhya in Webuye, Kenya",female
NA19438,NA19438,AFR,LWK,"Luhya in Webuye, Kenya",female
NA19439,NA19439,AFR,LWK,"Luhya in Webuye, Kenya",female
NA19440,NA19440,AFR,LWK,"Luhya in Webuye, Kenya",female
NA19443,NA19443,AFR,LWK,"Luhya in Webuye, Kenya",male
NA19444,LWK003,AFR,LWK,"Luhya in Webuye, Kenya",male
NA19445,LWK004,AFR,LWK,"Luhya in Webuye, Kenya",female
NA19446,NA19446,AFR,LWK,"Luhya in Webuye, Kenya",female
NA19448,NA19448,AFR,LWK,"Luhya in Webuye, Kenya",male
NA19449,NA19449,AFR,LWK,"Luhya in Webuye, Kenya",female
NA19451,NA19451,AFR,LWK,"Luhya in Webuye, Kenya",male
NA19452,NA19452,AFR,LWK,"Luhya in Webuye, Kenya",male
NA19453,LWK004,AFR,LWK,"Luhya in Webuye, Kenya",male
NA19454,NA19454,AFR,LWK,"Luhya in Webuye, Kenya",male
NA19455,NA19455,AFR,LWK,"Luhya in Webuye, Kenya",male
NA19456,NA19456,AFR,LWK,"Luhya in Webuye, Kenya",female
NA19457,NA19457,AFR,LWK,"Luhya in Webuye, Kenya",female
NA19461,NA19461,AFR,LWK,"Luhya in Webuye, Kenya",male
NA19462,NA19462,AFR,LWK,"Luhya in Webuye, Kenya",female
NA19463,NA19463,AFR,LWK,"Luhya in Webuye, Kenya",female
NA19466,NA19466,AFR,LWK,"Luhya in Webuye, Kenya",male
NA19467,NA19467,AFR,LWK,"Luhya in Webuye, Kenya",female
NA19468,NA19468,AFR,LWK,"Luhya in Webuye, Kenya",female
NA19469,LWK005,AFR,LWK,"Luhya in Webuye, Kenya",female
NA19470,LWK005,AFR,LWK,"Luhya in Webuye, Kenya",female
NA19471,NA19471,AFR,LWK,"Luhya in Webuye, Kenya",female
NA19472,NA19472,AFR,LWK,"Luhya in Webuye, Kenya",female
NA19473,NA19473,AFR,LWK,"Luhya in Webuye, Kenya",female
NA19474,NA19474,AFR,LWK,"Luhya in Webuye, Kenya",female
NA19475,NA19475,AFR,LWK,"Luhya in Webuye, Kenya",female
NA19625,,AFR,ASW,"African Ancestry in Southwest US",female
NA19700,,AFR,ASW,"African Ancestry in Southwest US",male
NA19701,,AFR,ASW,"African Ancestry in Southwest US",female
NA19703,,AFR,ASW,"African Ancestry in Southwest US",male
NA19704,,AFR,ASW,"African Ancestry in Southwest US",female
NA19707,,AFR,ASW,"African Ancestry in Southwest US",female
NA19711,,AFR,ASW,"African Ancestry in Southwest US",male
NA19712,,AFR,ASW,"African Ancestry in Southwest US",female
NA19713,,AFR,ASW,"African Ancestry in Southwest US",female
NA19818,,AFR,ASW,"African Ancestry in Southwest US",male
NA19819,,AFR,ASW,"African Ancestry in Southwest US",female
NA19834,,AFR,ASW,"African Ancestry in Southwest US",male
NA19835,,AFR,ASW,"African Ancestry in Southwest US",female
NA19900,,AFR,ASW,"African Ancestry in Southwest US",male
NA19901,,AFR,ASW,"African Ancestry in Southwest US",female
NA19904,,AFR,ASW,"African Ancestry in Southwest US",male
NA19908,,AFR,ASW,"African Ancestry in Southwest US",male
NA19909,,AFR,ASW,"African Ancestry in Southwest US",female
NA19913,2426a,AFR,ASW,"African Ancestry in Southwest US",female
NA19914,,AFR,ASW,"African Ancestry in Southwest US",female
NA19916,,AFR,ASW,"African Ancestry in Southwest US",male
NA19917,,AFR,ASW,"African Ancestry in Southwest US",female
NA19920,,AFR,ASW,"African Ancestry in Southwest US",male
NA19921,,AFR,ASW,"African Ancestry in Southwest US",female
NA19922,,AFR,ASW,"African Ancestry in Southwest US",male
NA19923,,AFR,ASW,"African Ancestry in Southwest US",female
NA19982,,AFR,ASW,"African Ancestry in Southwest US",male
NA19984,2437a,AFR,ASW,"African Ancestry in Southwest US",male
NA19985,,AFR,ASW,"African Ancestry in Southwest US",female
NA20126,,AFR,ASW,"African Ancestry in Southwest US",male
NA20127,,AFR,ASW,"African Ancestry in Southwest US",female
NA20274,2357a,AFR,ASW,"African Ancestry in Southwest US",female
NA20276,,AFR,ASW,"African Ancestry in Southwest US",female
NA20278,,AFR,ASW,"African Ancestry in Southwest US",male
NA20281,2469a,AFR,ASW,"African Ancestry in Southwest US",male
NA20282,,AFR,ASW,"African Ancestry in Southwest US",female
NA20287,,AFR,ASW,"African Ancestry in Southwest US",female
NA20289,,AFR,ASW,"African Ancestry in Southwest US",female
NA20291,,AFR,ASW,"African Ancestry in Southwest US",male
NA20294,,AFR,ASW,"African Ancestry in Southwest US",female
NA20296,,AFR,ASW,"African Ancestry in Southwest US",female
NA20298,2476a,AFR,ASW,"African Ancestry in Southwest US",male
NA20299,,AFR,ASW,"African Ancestry in Southwest US",female
NA20314,,AFR,ASW,"African Ancestry in Southwest US",female
NA20317,,AFR,ASW,"African Ancestry in Southwest US",female
NA20318,2480a,AFR,ASW,"African Ancestry in Southwest US",male
NA20320,2481a,AFR,ASW,"African Ancestry in Southwest US",female
NA20321,,AFR,ASW,"African Ancestry in Southwest US",female
NA20322,,AFR,ASW,"African Ancestry in Southwest US",female
NA20332,,AFR,ASW,"African Ancestry in Southwest US",female
NA20334,,AFR,ASW,"African Ancestry in Southwest US",female
NA20336,,AFR,ASW,"African Ancestry in Southwest US",female
NA20339,,AFR,ASW,"African Ancestry in Southwest US",female
NA20340,,AFR,ASW,"African Ancestry in Southwest US",male
NA20341,,AFR,ASW,"African Ancestry in Southwest US",female
NA20342,,AFR,ASW,"African Ancestry in Southwest US",male
NA20344,,AFR,ASW,"African Ancestry in Southwest US",female
NA20346,,AFR,ASW,"African Ancestry in Southwest US",male
NA20348,,AFR,ASW,"African Ancestry in Southwest US",male
NA20351,,AFR,ASW,"African Ancestry in Southwest US",male
NA20355,2484a,AFR,ASW,"African Ancestry in Southwest US",female
NA20356,,AFR,ASW,"African Ancestry in Southwest US",male
NA20357,,AFR,ASW,"African Ancestry in Southwest US",female
NA20359,,AFR,ASW,"African Ancestry in Southwest US",female
NA20362,2495a,AFR,ASW,"African Ancestry in Southwest US",male
NA20363,,AFR,ASW,"African Ancestry in Southwest US",female
NA20412,,AFR,ASW,"African Ancestry in Southwest US",female
NA20414,,AFR,ASW,"African Ancestry in Southwest US",female
